time,latitude,longitude,depth,mag,magType,nst,gap,dmin,rms,net,id,updated,place,type,horizontalError,depthError,magError,magNst,status,locationSource,magSource
2018-12-06T09:43:55.570Z,12.6113,-86.9846,156.67,4.9,mww,,124,0.105,0.9,us,us1000i3dq,2018-12-06T09:59:15.040Z,"Nicaragua",earthquake,7.9,6.8,0.08,15,reviewed,us,us
2018-12-06T06:18:35.720Z,-21.7369,168.7078,10,4.8,mb,,92,2.128,0.92,us,us1000i3bj,2018-12-06T06:38:39.040Z,"Loyalty Islands, New Caledonia",earthquake,10,1.9,0.086,42,reviewed,us,us
2018-12-06T06:07:30.250Z,-21.97,168.9855,10,5.3,mww,,96,2.36,1.24,us,us1000i3bg,2018-12-06T06:23:32.040Z,"Loyalty Islands, New Caledonia",earthquake,6.2,1.8,0.075,17,reviewed,us,us
2018-12-06T05:24:14.560Z,-30.7211,-71.4131,34.13,4.8,mb,,50,0.196,0.9,us,us1000i3ak,2018-12-06T10:03:31.671Z,"Coquimbo, Chile",earthquake,3.3,2.1,0.072,60,reviewed,us,us
2018-12-06T04:17:24.860Z,-14.88,-75.854,10.64,5,mb,,153,3.031,1.11,us,us1000i399,2018-12-06T04:32:44.040Z,"near the coast of central Peru",earthquake,8.4,4,0.037,236,reviewed,us,us
2018-12-06T04:02:28.450Z,-21.3207,168.784,10,5,mb,,94,2.301,0.41,us,us1000i38p,2018-12-06T04:25:40.040Z,"Loyalty Islands, New Caledonia",earthquake,11.9,1.6,0.076,55,reviewed,us,us
2018-12-06T03:49:27.360Z,-16.2516,178.1026,35.8,4.9,mb,,117,1.485,0.93,us,us1000i38i,2018-12-06T04:49:35.040Z,"Fiji",earthquake,13.5,10.5,0.061,84,reviewed,us,us
2018-12-06T03:17:13.990Z,2.465,128.2709,142.13,4.5,mb,,151,1.909,0.5,us,us1000i380,2018-12-06T03:29:15.040Z,"Halmahera, Indonesia",earthquake,11.4,8.6,0.131,17,reviewed,us,us
2018-12-06T01:17:14.790Z,-12.7845,45.4483,10,4.8,mb,,90,6.43,0.82,us,us1000i36v,2018-12-06T01:46:11.104Z,"18km E of Pamandzi, Mayotte",earthquake,12.5,1.9,0.168,11,reviewed,us,us
2018-12-06T01:02:46.140Z,-8.5376,116.0367,10,5.5,mww,,71,1.865,0.87,us,us1000i36p,2018-12-06T09:40:53.959Z,"10km WNW of Mataram, Indonesia",earthquake,6.4,1.9,0.073,18,reviewed,us,us
2018-12-05T23:56:35.540Z,-21.818,168.5757,10,4.9,mb,,111,1.995,0.74,us,us1000i35k,2018-12-06T00:20:23.040Z,"77km ESE of Tadine, New Caledonia",earthquake,11.7,1.9,0.097,33,reviewed,us,us
2018-12-05T23:45:35.770Z,-22.3231,169.3705,10,4.8,mb,,105,2.7,0.5,us,us1000i35c,2018-12-06T00:07:17.040Z,"175km ESE of Tadine, New Caledonia",earthquake,9.4,1.1,0.084,44,reviewed,us,us
2018-12-05T23:20:39.600Z,-21.8239,169.0824,10,5.1,mb,,95,2.462,0.82,us,us1000i350,2018-12-05T23:47:59.040Z,"127km ESE of Tadine, New Caledonia",earthquake,9.9,1.8,0.051,125,reviewed,us,us
2018-12-05T22:38:06.710Z,-20.3617,-177.743,493.73,4.6,mb,,94,4.752,0.76,us,us1000i344,2018-12-05T23:03:55.040Z,"104km ENE of Ndoi Island, Fiji",earthquake,12.5,6.9,0.065,71,reviewed,us,us
2018-12-05T21:32:19.900Z,-21.769,169.7314,10,5.5,mww,,76,3.067,0.93,us,us1000i32q,2018-12-05T23:34:28.934Z,"192km E of Tadine, New Caledonia",earthquake,4.6,1.9,0.075,17,reviewed,us,us
2018-12-05T20:01:27.170Z,-22.0096,169.1442,10,5,mb,,117,2.506,0.83,us,us1000i315,2018-12-05T20:32:35.040Z,"139km ESE of Tadine, New Caledonia",earthquake,7,1.8,0.077,53,reviewed,us,us
2018-12-05T19:34:16.500Z,-21.8161,169.9195,10,4.8,mb,,111,3.236,1.96,us,us1000i30e,2018-12-05T20:01:00.040Z,"212km E of Tadine, New Caledonia",earthquake,9.5,1.9,0.098,32,reviewed,us,us
2018-12-05T18:22:49.810Z,-10.5983,165.9482,71.47,4.8,mb,,78,6.021,0.78,us,us1000i2yv,2018-12-05T20:17:00.040Z,"18km NE of Lata, Solomon Islands",earthquake,10.8,5.2,0.059,90,reviewed,us,us
2018-12-05T17:27:26.600Z,-21.9713,169.1774,10,4.6,mb,,95,2.538,0.61,us,us1000i2y3,2018-12-05T18:23:22.040Z,"141km ESE of Tadine, New Caledonia",earthquake,10.8,1.9,0.117,22,reviewed,us,us
2018-12-05T17:12:13.760Z,-33.6628,-71.6456,36.43,5.5,mb,,66,0.026,1.03,us,us1000i2xc,2018-12-06T03:47:44.901Z,"8km SSW of San Antonio, Chile",earthquake,3.3,6.5,0.07,84,reviewed,us,us
2018-12-05T16:37:51.270Z,-21.8011,169.089,10,5.1,mb,,88,2.47,0.66,us,us1000i2ww,2018-12-05T17:01:30.040Z,"127km ESE of Tadine, New Caledonia",earthquake,8.5,1.9,0.069,69,reviewed,us,us
2018-12-05T16:35:05.560Z,-22.3127,169.0937,10,5.2,mb,,68,2.444,1.43,us,us1000i2wi,2018-12-05T16:53:23.040Z,"150km SE of Tadine, New Caledonia",earthquake,8.8,1.9,0.057,103,reviewed,us,us
2018-12-05T16:05:12.790Z,-12.7848,168.5208,625.15,5.3,mb,,27,9.046,0.73,us,us1000i2vp,2018-12-05T16:19:56.040Z,"160km NE of Sola, Vanuatu",earthquake,8.8,6.9,0.065,80,reviewed,us,us
2018-12-05T15:40:11.160Z,-21.7923,169.2424,10,5.5,mww,,96,2.613,1.19,us,us1000i2v1,2018-12-05T21:35:17.040Z,"143km E of Tadine, New Caledonia",earthquake,8.6,1.9,0.078,16,reviewed,us,us
2018-12-05T15:38:21.300Z,-22.0733,169.6207,10,5.2,mb,,61,2.944,1.22,us,us1000i2vx,2018-12-05T16:22:41.040Z,"188km ESE of Tadine, New Caledonia",earthquake,10.7,1.8,0.056,103,reviewed,us,us
2018-12-05T14:11:15.500Z,13.0058,-81.3165,10,4.6,mb,,36,3.022,1.14,us,us1000i2sg,2018-12-05T15:19:56.583Z,"40km S of Mountain, Colombia",earthquake,2.6,1.9,0.047,137,reviewed,us,us
2018-12-05T13:49:24.200Z,-30.9952,-178.6062,101.89,4.9,mb,,62,1.84,1.23,us,us1000i2s6,2018-12-05T14:10:53.040Z,"56km NNE of L'Esperance Rock, New Zealand",earthquake,9.7,7.8,0.054,107,reviewed,us,us
2018-12-05T13:09:40.160Z,9.4638,126.36,35,4.6,mb,,95,2.501,0.73,us,us1000i2rr,2018-12-05T13:37:22.040Z,"27km NE of Cortes, Philippines",earthquake,9.1,2,0.075,54,reviewed,us,us
2018-12-05T12:48:44.247Z,61.3277,-150.0534,38.1,4.5,ml,,,,0.6,ak,ak20444588,2018-12-06T08:37:57.557Z,"13km NW of Anchorage, Alaska",earthquake,,0.4,,,reviewed,ak,ak
2018-12-05T12:09:01.270Z,36.2949,141.9999,19.16,4.5,mwr,,130,1.845,0.78,us,us1000i2qk,2018-12-05T12:30:35.040Z,"122km ENE of Hasaki, Japan",earthquake,2.3,5.4,0.078,16,reviewed,us,us
2018-12-05T11:39:06.780Z,-22.1388,169.3632,10,4.9,mb,,117,2.7,0.34,us,us1000i2qm,2018-12-05T12:42:06.040Z,"166km ESE of Tadine, New Caledonia",earthquake,4.8,1.9,0.079,51,reviewed,us,us
2018-12-05T11:12:01.330Z,-22.5949,169.8978,10,4.7,mb,,122,3.198,0.7,us,us1000i2qb,2018-12-05T12:06:28.040Z,"222km W of Ile Hunter, New Caledonia",earthquake,7.3,1.9,0.106,27,reviewed,us,us
2018-12-05T10:54:29.610Z,-18.1319,-174.7956,239.27,4.8,mb,,83,4.711,0.92,us,us1000i2pu,2018-12-05T11:33:08.040Z,"103km NW of Neiafu, Tonga",earthquake,11.6,12.2,0.065,72,reviewed,us,us
2018-12-05T10:42:21.380Z,-22.334,169.2658,10,4.9,mb,,99,2.603,0.94,us,us1000i2pr,2018-12-05T11:12:22.040Z,"167km ESE of Tadine, New Caledonia",earthquake,6.7,1.9,0.07,65,reviewed,us,us
2018-12-05T10:23:42.310Z,-22.5405,169.336,10,4.8,mb,,119,2.676,0.55,us,us1000i2p9,2018-12-05T11:48:16.040Z,"185km SE of Tadine, New Caledonia",earthquake,9.7,1.8,0.115,23,reviewed,us,us
2018-12-05T10:21:28.370Z,-60.5904,-26.6825,10,4.8,mb,,121,14.566,0.51,us,us1000i2p7,2018-12-05T11:04:23.040Z,"173km S of Bristol Island, South Sandwich Islands",earthquake,13.2,1.9,0.084,44,reviewed,us,us
2018-12-05T10:19:09.560Z,-22.2761,169.5863,10,5.1,mb,,113,2.901,0.6,us,us1000i2pa,2018-12-05T10:49:01.040Z,"193km ESE of Tadine, New Caledonia",earthquake,6.6,1.9,0.06,89,reviewed,us,us
2018-12-05T10:14:29.440Z,-22.1579,169.4158,10,5.2,mb,,107,17.931,0.68,us,us1000i2p3,2018-12-05T10:39:08.040Z,"172km ESE of Tadine, New Caledonia",earthquake,7.1,1.8,0.064,80,reviewed,us,us
2018-12-05T10:13:38.050Z,-22.1019,169.3869,10,5.1,mb,,110,2.725,0.77,us,us1000i2nv,2018-12-05T10:30:23.040Z,"167km ESE of Tadine, New Caledonia",earthquake,12.1,1.9,0.054,111,reviewed,us,us
2018-12-05T09:38:51.740Z,-24.2799,179.9335,507.99,4.6,mb,,58,5.301,0.58,us,us1000i2n5,2018-12-05T09:58:35.040Z,"South of the Fiji Islands",earthquake,9.9,7.7,0.044,156,reviewed,us,us
2018-12-05T09:33:01.510Z,10.4864,-68.5901,10,4.7,mb,,39,1.625,0.83,us,us1000i2ms,2018-12-05T13:57:42.561Z,"3km WNW of Farriar, Venezuela",earthquake,4.8,1.9,0.064,73,reviewed,us,us
2018-12-05T08:32:40.440Z,-21.7283,168.6176,10,5.2,mb,,91,2.047,0.83,us,us1000i2ls,2018-12-05T08:51:53.040Z,"78km ESE of Tadine, New Caledonia",earthquake,9.1,1.9,0.054,114,reviewed,us,us
2018-12-05T08:20:32.570Z,-22.0923,169.4208,10,5.2,mb,,96,2.757,0.95,us,us1000i2lf,2018-12-05T08:44:14.040Z,"169km ESE of Tadine, New Caledonia",earthquake,3.6,1.8,0.064,80,reviewed,us,us
2018-12-05T08:13:53.560Z,4.3611,126.1651,75.93,5.1,mb,,73,2.753,0.93,us,us1000i2l9,2018-12-05T08:33:55.040Z,"139km SE of Sarangani, Philippines",earthquake,7.4,7,0.061,87,reviewed,us,us
2018-12-05T08:09:31.400Z,-21.9388,169.2545,10,5.2,mb,,58,2.611,0.48,us,us1000i2lc,2018-12-05T08:42:40.040Z,"148km ESE of Tadine, New Caledonia",earthquake,13.1,1.8,0.062,85,reviewed,us,us
2018-12-05T08:08:23.680Z,-22.0643,169.2487,10,5,mb,,111,2.601,0.88,us,us1000i2la,2018-12-05T08:35:50.040Z,"152km ESE of Tadine, New Caledonia",earthquake,11.9,1.9,0.069,67,reviewed,us,us
2018-12-05T08:01:28.670Z,-22.1523,169.2019,10,5.2,mb,,90,2.55,1.18,us,us1000i2l0,2018-12-05T08:21:37.040Z,"151km ESE of Tadine, New Caledonia",earthquake,3.6,1.9,0.055,107,reviewed,us,us
2018-12-05T07:46:41.910Z,-21.6582,168.8313,10,5.2,mb,,49,2.255,1.01,us,us1000i2kr,2018-12-05T08:07:31.040Z,"98km E of Tadine, New Caledonia",earthquake,10.4,1.8,0.059,94,reviewed,us,us
2018-12-05T07:45:39.470Z,-22.5384,169.3376,10,5.1,mb,,92,2.678,1.46,us,us1000i2kq,2018-12-05T08:02:11.040Z,"185km SE of Tadine, New Caledonia",earthquake,9.2,1.9,0.093,38,reviewed,us,us
2018-12-05T07:24:25.460Z,-21.9886,169.502,10,4.8,mb,,109,2.838,0.38,us,us1000i2ky,2018-12-05T08:27:20.040Z,"174km ESE of Tadine, New Caledonia",earthquake,13.1,1.9,0.09,40,reviewed,us,us
2018-12-05T06:51:45.070Z,-21.8229,169.2406,10,4.9,mb,,95,2.608,0.85,us,us1000i2k5,2018-12-05T07:20:27.040Z,"143km ESE of Tadine, New Caledonia",earthquake,10.5,1.9,0.069,67,reviewed,us,us
2018-12-05T06:43:04.120Z,-22.0502,169.6677,10,6.6,mww,,31,2.989,1.09,us,us1000i2k0,2018-12-05T08:48:39.870Z,"192km ESE of Tadine, New Caledonia",earthquake,7.6,1.8,0.044,50,reviewed,us,us
2018-12-05T06:36:56.950Z,-22.2984,168.7351,10,4.9,mb,,79,2.112,1.03,us,us1000i2jy,2018-12-05T07:01:43.040Z,"120km SE of Tadine, New Caledonia",earthquake,5.2,1.9,0.092,37,reviewed,us,us
2018-12-05T06:16:56.570Z,-20.4274,-178.0095,538.31,4.7,mb,,89,4.58,0.88,us,us1000i2jp,2018-12-05T06:50:14.040Z,"76km ENE of Ndoi Island, Fiji",earthquake,12.2,6.3,0.034,259,reviewed,us,us
2018-12-05T05:53:07.020Z,-22.3831,169.5764,10,5.2,mb,,48,2.891,1.57,us,us1000i2je,2018-12-05T06:14:17.040Z,"197km ESE of Tadine, New Caledonia",earthquake,7.3,1.6,0.053,117,reviewed,us,us
2018-12-05T05:52:38.310Z,40.3011,77.6325,10,4.6,mb,,69,1.501,0.58,us,us1000i2jc,2018-12-05T09:12:22.040Z,"146km ENE of Arzak, China",earthquake,6.5,1.9,0.082,45,reviewed,us,us
2018-12-05T04:54:25.020Z,-22.2063,169.6707,10,5.2,mb,,104,2.981,1.15,us,us1000i2il,2018-12-05T05:22:17.040Z,"198km ESE of Tadine, New Caledonia",earthquake,11,1.8,0.068,71,reviewed,us,us
2018-12-05T04:50:21.660Z,-21.8895,169.2489,10,5.3,mb,,107,17.938,0.64,us,us1000i2if,2018-12-05T05:34:19.040Z,"146km ESE of Tadine, New Caledonia",earthquake,13.5,1.9,0.073,63,reviewed,us,us
2018-12-05T04:41:56.180Z,-21.6985,169.2423,10,5.7,mb,,95,2.625,0.75,us,us1000i2hk,2018-12-05T06:44:28.262Z,"141km E of Tadine, New Caledonia",earthquake,10.5,1.8,0.064,89,reviewed,us,us
2018-12-05T04:41:29.510Z,-22.0756,169.5381,10,4.9,mb,,134,2.867,0.78,us,us1000i2hr,2018-12-05T05:04:08.040Z,"180km ESE of Tadine, New Caledonia",earthquake,13.4,1.9,0.14,16,reviewed,us,us
2018-12-05T04:31:23.340Z,-21.8798,169.5407,10,5.6,mb,,78,17.197,0.47,us,us1000i2i1,2018-12-05T06:33:40.742Z,"175km ESE of Tadine, New Caledonia",earthquake,6.9,1.8,0.098,37,reviewed,us,us
2018-12-05T04:30:24.680Z,-21.8346,169.1073,10,5.9,mb,,58,2.483,0.66,us,us1000i2h5,2018-12-05T06:32:34.042Z,"130km ESE of Tadine, New Caledonia",earthquake,6.8,1.4,0.051,141,reviewed,us,us
2018-12-05T04:28:44.070Z,-21.5131,169.3675,10,5.9,mb,,188,2.773,0.77,us,us1000i2hh,2018-12-05T06:31:11.325Z,"153km E of Tadine, New Caledonia",earthquake,8.8,2,0.081,56,reviewed,us,us
2018-12-05T04:18:08.400Z,-21.9685,169.4464,10,7.5,mww,,20,2.788,0.98,us,us1000i2gt,2018-12-05T21:22:18.579Z,"168km ESE of Tadine, New Caledonia",earthquake,8,1.8,0.058,29,reviewed,us,us
2018-12-05T04:14:36.470Z,-21.9814,169.3156,10,6,mb,,28,2.666,0.97,us,us1000i2gr,2018-12-05T07:28:09.463Z,"155km ESE of Tadine, New Caledonia",earthquake,8.2,1.8,0.048,164,reviewed,us,us
2018-12-05T04:07:15.290Z,-5.1454,149.7019,375.27,4.6,mb,,88,2.63,0.72,us,us1000i2gd,2018-12-05T04:18:07.040Z,"66km NW of Kimbe, Papua New Guinea",earthquake,9.5,7.9,0.111,24,reviewed,us,us
2018-12-04T23:44:09.560Z,-18.2176,-178.1391,566.29,4.8,mb,,41,3.654,1.12,us,us1000i2de,2018-12-05T00:06:27.040Z,"275km NNE of Ndoi Island, Fiji",earthquake,10.6,7.2,0.035,257,reviewed,us,us
2018-12-04T22:37:46.610Z,0.2486,97.0411,10,4.8,mb,,162,1.176,0.77,us,us1000i2an,2018-12-04T22:53:53.040Z,"254km SW of Sibolga, Indonesia",earthquake,8.6,1.9,0.099,31,reviewed,us,us
2018-12-04T22:29:59.760Z,0.3173,97.1684,10,5.1,mb,,86,1.061,0.62,us,us1000i2ac,2018-12-04T22:47:44.040Z,"238km SW of Sibolga, Indonesia",earthquake,7.6,1.9,0.07,66,reviewed,us,us
2018-12-04T20:49:06.240Z,-7.4683,120.0245,421.35,4.8,mb,,37,2.453,0.79,us,us1000i26p,2018-12-04T21:16:28.040Z,"96km NNW of Nggilat, Indonesia",earthquake,9.7,6.5,0.06,84,reviewed,us,us
2018-12-04T19:14:39.430Z,85.409,89.3079,10,4.8,mb,,42,11.092,0.92,us,us1000i247,2018-12-04T19:37:18.040Z,"North of Severnaya Zemlya",earthquake,5.6,1.9,0.056,99,reviewed,us,us
2018-12-04T16:02:29.778Z,61.3903,-150.0769,36,4.6,ml,,,,0.86,ak,ak20442375,2018-12-06T07:57:29.897Z,"17km SSW of Big Lake, Alaska",earthquake,,0.3,,,reviewed,ak,ak
2018-12-04T14:22:54.800Z,19.5406,144.5315,11.63,5.1,mb,,54,7.823,0.68,us,us1000i1xf,2018-12-04T15:48:16.040Z,"116km SSW of Farallon de Pajaros, Northern Mariana Islands",earthquake,10.4,4.2,0.038,220,reviewed,us,us
2018-12-04T14:12:55.430Z,-6.4414,130.0803,162.38,4.5,mb,,69,1.95,0.34,us,us1000i1x7,2018-12-04T15:18:00.040Z,"215km NW of Saumlaki, Indonesia",earthquake,9.1,5,0.135,16,reviewed,us,us
2018-12-04T13:58:38.000Z,10.7502,-86.5446,10,4.5,mb,,215,1.42,0.3,us,us1000i1x3,2018-12-04T15:08:52.040Z,"92km SW of San Juan del Sur, Nicaragua",earthquake,6.8,2,0.083,43,reviewed,us,us
2018-12-04T06:52:59.630Z,2.3156,126.8353,50.73,5.4,mww,,39,1.622,1.29,us,us1000i1qd,2018-12-04T17:11:12.040Z,"145km WNW of Tobelo, Indonesia",earthquake,6.8,6,0.073,18,reviewed,us,us
2018-12-04T06:20:28.620Z,-56.2274,-124.1402,10,5.5,mwb,,113,33.954,1.01,us,us1000i1xx,2018-12-05T21:42:22.344Z,"Southern East Pacific Rise",earthquake,14.5,1.9,0.078,16,reviewed,us,us
2018-12-04T06:06:14.470Z,34.5506,140.1244,58.33,4.7,mb,,120,1.454,0.67,us,us1000i1pp,2018-12-04T08:30:34.380Z,"53km SSE of Tateyama, Japan",earthquake,7.2,2.7,0.13,18,reviewed,us,us
2018-12-03T23:52:12.280Z,-22.7747,-174.3188,10,4.7,mb,,116,5.512,1.28,us,us1000i1is,2018-12-04T00:11:49.040Z,"172km SSE of `Ohonua, Tonga",earthquake,10.5,1.9,0.083,44,reviewed,us,us
2018-12-03T22:27:51.710Z,2.0715,126.6277,45.53,4.8,mb,,99,1.487,1.05,us,us1000i1g9,2018-12-03T22:45:53.040Z,"158km WNW of Tobelo, Indonesia",earthquake,6.3,6.9,0.074,56,reviewed,us,us
2018-12-03T21:24:23.910Z,-22.6754,-174.8886,10,5,mb,,85,5.859,1.31,us,us1000i1f1,2018-12-03T21:53:13.040Z,"148km S of `Ohonua, Tonga",earthquake,10.4,1.8,0.081,49,reviewed,us,us
2018-12-03T20:09:56.120Z,-6.4068,147.4178,65.5,5,mb,,32,2.989,0.89,us,us1000i1cj,2018-12-03T23:50:02.040Z,"54km WNW of Finschhafen, Papua New Guinea",earthquake,4.9,6.6,0.082,47,reviewed,us,us
2018-12-03T20:05:45.550Z,-0.483,67.2913,10,5.4,mww,,37,8.594,1.26,us,us1000i1cg,2018-12-04T15:13:50.040Z,"Carlsberg Ridge",earthquake,3.8,1.8,0.052,36,reviewed,us,us
2018-12-03T19:18:00.300Z,-9.8416,111.8548,10,4.7,mb,,138,2.325,0.88,us,us1000i1b5,2018-12-04T19:17:29.040Z,"172km S of Tambakrejo, Indonesia",earthquake,8.3,1.9,0.087,40,reviewed,us,us
2018-12-03T19:15:18.720Z,39.1276,142.3716,26.01,4.7,mb,,128,1.766,0.69,us,us1000i1ax,2018-12-04T18:52:32.040Z,"44km ESE of Kamaishi, Japan",earthquake,7.6,5.7,0.069,64,reviewed,us,us
2018-12-03T14:41:48.640Z,68.1176,-30.1127,10,4.6,mb,,83,3.746,0.85,us,us1000i171,2018-12-03T16:10:32.040Z,"Eastern Greenland",earthquake,7.4,1.9,0.039,196,reviewed,us,us
2018-12-03T14:00:07.530Z,-7.3565,128.7348,131,5.5,mww,,30,2.616,0.92,us,us1000i16h,2018-12-04T07:23:28.116Z,"292km WNW of Saumlaki, Indonesia",earthquake,6.9,1.9,0.041,57,reviewed,us,us
2018-12-03T09:17:53.370Z,-15.1247,-173.8357,10,4.7,mb,,99,2.331,0.82,us,us1000i139,2018-12-03T13:29:57.040Z,"91km N of Hihifo, Tonga",earthquake,8.3,1.2,0.096,33,reviewed,us,us
2018-12-03T09:07:29.650Z,12.4413,-88.6775,41.46,4.5,mb,,166,1.35,0.67,us,us1000i12y,2018-12-03T20:52:33.451Z,"94km S of Puerto El Triunfo, El Salvador",earthquake,6.3,10.8,0.05,118,reviewed,us,us
2018-12-03T08:15:17.690Z,40.8987,141.3748,89.25,4.6,mwr,,133,0.259,0.88,us,us1000i122,2018-12-03T14:50:17.153Z,"23km N of Misawa, Japan",earthquake,7.6,6.1,0.086,13,reviewed,us,us
2018-12-03T06:04:20.810Z,-6.8989,129.5212,157.01,4.7,mb,,84,2.065,1.03,us,us1000i0zu,2018-12-03T08:18:10.040Z,"229km WNW of Saumlaki, Indonesia",earthquake,7.1,5.2,0.115,23,reviewed,us,us
2018-12-03T05:48:37.360Z,-18.6625,-177.9487,451.97,4.5,mb,,47,3.908,0.84,us,us1000i0zk,2018-12-03T07:51:44.040Z,"233km NNE of Ndoi Island, Fiji",earthquake,11.5,5.9,0.035,238,reviewed,us,us
2018-12-03T04:10:41.680Z,15.5007,-49.9245,10,4.7,mb,,121,9.626,0.94,us,us1000i0y1,2018-12-03T04:56:50.040Z,"North Atlantic Ocean",earthquake,10.4,1.9,0.053,106,reviewed,us,us
2018-12-03T00:41:52.640Z,-19.6534,173.4204,10,4.8,mb,,68,4.783,0.92,us,us1000i0v3,2018-12-06T06:30:10.040Z,"268km NNW of Ceva-i-Ra, Fiji",earthquake,10.6,1.8,0.064,75,reviewed,us,us
2018-12-03T00:30:45.170Z,-4.1283,128.7264,133.88,4.5,mb,,57,3.715,0.69,us,us1000i0uh,2018-12-06T06:47:01.040Z,"58km S of Saparua, Indonesia",earthquake,7.9,7.5,0.075,52,reviewed,us,us
2018-12-02T23:13:53.200Z,-52.5639,18.0448,10,5.4,mb,,27,20.194,0.97,us,us1000i0t9,2018-12-03T15:57:35.040Z,"Southwest of Africa",earthquake,5.9,1.7,0.048,149,reviewed,us,us
2018-12-02T22:32:48.480Z,-21.2757,171.44,10,5.2,mb,,98,4.714,0.98,us,us1000i0sc,2018-12-03T16:12:24.040Z,"139km NNW of Ile Hunter, New Caledonia",earthquake,5.4,1.8,0.065,79,reviewed,us,us
2018-12-02T20:05:17.170Z,-16.7303,-173.2719,35,4.6,mb,,112,3.153,0.83,us,us1000i0py,2018-12-02T21:22:21.040Z,"100km SSE of Hihifo, Tonga",earthquake,6.5,2,0.193,8,reviewed,us,us
2018-12-02T19:06:50.670Z,51.4136,-178.0346,45.18,4.6,mb,,178,0.703,0.69,us,us1000i0mc,2018-12-02T20:55:57.758Z,"52km S of Tanaga Volcano, Alaska",earthquake,12.5,8.9,0.048,130,reviewed,us,us
2018-12-02T16:52:52.460Z,15.9006,-93.7012,98.15,4.7,mb,,130,1.55,0.76,us,us1000i0k0,2018-12-02T18:11:01.040Z,"18km WNW of Tres Picos, Mexico",earthquake,5.2,8.3,0.032,298,reviewed,us,us
2018-12-02T15:04:59.450Z,-54.7627,18.4983,10,5.4,mww,,40,19.289,0.81,us,us1000i0id,2018-12-04T21:22:30.040Z,"Southwest of Africa",earthquake,6,1.8,0.06,27,reviewed,us,us
2018-12-02T13:53:56.910Z,-15.8498,-173.6462,50.45,4.9,mb,,108,2.643,0.78,us,us1000i0hn,2018-12-02T14:51:54.040Z,"15km NE of Hihifo, Tonga",earthquake,11.7,8.7,0.062,82,reviewed,us,us
2018-12-02T11:08:45.610Z,-22.0636,170.4315,22.28,5,mb,,101,3.694,1.11,us,us1000i0ez,2018-12-02T11:25:41.040Z,"170km WNW of Ile Hunter, New Caledonia",earthquake,4.3,6.4,0.101,31,reviewed,us,us
2018-12-02T10:21:25.120Z,-18.1496,-178.2528,522.67,5,mb,,46,3.539,1.19,us,us1000i0e2,2018-12-02T10:36:00.040Z,"280km N of Ndoi Island, Fiji",earthquake,10.9,8.6,0.105,29,reviewed,us,us
2018-12-02T04:52:15.820Z,61.3417,-149.9957,44.5,4.6,ml,,,,0.57,ak,ak20428017,2018-12-04T16:26:16.514Z,"12km NNW of Anchorage, Alaska",earthquake,,0.3,,,reviewed,ak,ak
2018-12-02T03:36:49.040Z,-15.6278,167.9559,201.57,4.7,mb,,86,6.567,0.79,us,us1000i069,2018-12-02T03:54:59.040Z,"78km NE of Norsup, Vanuatu",earthquake,13.4,9.4,0.106,27,reviewed,us,us
2018-12-02T02:50:11.920Z,0.0124,123.5467,159.6,4.5,mb,,64,3.893,1.4,us,us1000i05l,2018-12-02T03:37:41.040Z,"55km SE of Bilungala, Indonesia",earthquake,8.9,9.7,0.121,20,reviewed,us,us
2018-12-01T23:59:20.400Z,-33.9352,-72.4067,13.93,4.8,mww,,79,0.715,0.84,us,us1000i02z,2018-12-02T13:57:54.201Z,"82km WSW of San Antonio, Chile",earthquake,3.8,4.2,0.073,18,reviewed,us,us
2018-12-01T23:55:24.150Z,-33.9375,-72.3453,10,5.5,mww,,54,0.669,1,us,us1000i02j,2018-12-05T17:36:37.207Z,"77km WSW of San Antonio, Chile",earthquake,3.6,0.9,0.059,28,reviewed,us,us
2018-12-01T22:36:09.810Z,-6.8498,104.9757,38.46,4.9,mb,,70,3.187,1.22,us,us1000i00h,2018-12-01T23:07:06.040Z,"72km W of Tugu Hilir, Indonesia",earthquake,7.3,6.8,0.074,58,reviewed,us,us
2018-12-01T18:39:31.780Z,-24.7459,179.9841,494.68,4.7,mb,,56,4.852,0.76,us,us1000hzuq,2018-12-05T15:42:52.040Z,"South of the Fiji Islands",earthquake,9.9,4.5,0.045,149,reviewed,us,us
2018-12-01T18:24:06.590Z,-19.235,-172.8239,10,5,mb,,79,2.742,0.97,us,us1000hzu1,2018-12-05T16:07:33.040Z,"138km ESE of Neiafu, Tonga",earthquake,8.1,1.9,0.083,48,reviewed,us,us
2018-12-01T18:14:52.360Z,0.2942,97.1157,22.61,4.6,mb,,136,1.103,0.66,us,us1000hztk,2018-12-05T16:35:26.040Z,"244km SW of Sibolga, Indonesia",earthquake,7.6,2.4,0.091,38,reviewed,us,us
2018-12-01T15:07:26.660Z,27.9852,92.5815,10,4.8,mb,,76,2.135,1.26,us,us1000hznd,2018-12-01T20:00:14.040Z,"67km E of Xoixar, China",earthquake,6.6,1.9,0.078,51,reviewed,us,us
2018-12-01T13:27:21.510Z,-7.403,128.7097,140.61,6.3,mww,,30,4.976,1.15,us,us1000hzjp,2018-12-06T01:10:41.820Z,"293km WNW of Saumlaki, Indonesia",earthquake,7.6,5.6,0.071,19,reviewed,us,us
2018-12-01T12:44:53.636Z,61.4677,-149.9027,29.5,4.5,ml,,,,0.77,ak,ak20422875,2018-12-01T22:47:58.777Z,"9km SSE of Big Lake, Alaska",earthquake,,0.4,,,reviewed,ak,ak
2018-12-01T12:42:15.110Z,-54.162,-2.1782,10,5.3,mb,,80,17.579,0.67,us,us1000hzit,2018-12-01T13:00:03.040Z,"Southern Mid-Atlantic Ridge",earthquake,12.6,1.9,0.079,53,reviewed,us,us
2018-12-01T08:34:12.240Z,36.1883,70.4385,111.95,4.7,mb,,72,0.942,1.35,us,us1000hzdn,2018-12-01T08:46:33.040Z,"34km WNW of `Alaqahdari-ye Kiran wa Munjan, Afghanistan",earthquake,7.3,9.7,0.126,19,reviewed,us,us
2018-12-01T07:57:22.677Z,61.3582,-149.9943,39,5.2,ml,,,,0.67,ak,ak20421831,2018-12-05T13:06:34.721Z,"17km NNW of Anchorage, Alaska",earthquake,,0.5,,,reviewed,ak,ak
2018-12-01T07:33:47.310Z,50.0857,-129.3953,10,4.7,mb,,173,0.98,0.74,us,us1000hzc2,2018-12-01T07:50:23.040Z,"156km WSW of Port Hardy, Canada",earthquake,5.4,1.7,0.061,83,reviewed,us,us
2018-12-01T07:07:38.230Z,61.505,-149.9412,43.5,5.1,ml,,,,0.55,ak,ak20421672,2018-12-05T13:10:08.533Z,"5km SSW of Big Lake, Alaska",earthquake,,1.8,,,reviewed,ak,ak
2018-12-01T07:07:28.385Z,61.4027,-150.0564,22.8,4.5,ml,,,,0.69,ak,ak20421677,2018-12-02T14:08:31.495Z,"14km SSW of Big Lake, Alaska",earthquake,,0.5,,,reviewed,ak,ak
2018-12-01T05:49:16.420Z,-20.948,-178.5823,561.5,5,mb,,49,4.499,1,us,us1000hz9x,2018-12-01T06:06:34.040Z,"35km SSE of Ndoi Island, Fiji",earthquake,10.5,8.4,0.057,97,reviewed,us,us
2018-12-01T05:31:54.381Z,61.4039,-150.0047,42.4,4.8,ml,,,,0.57,ak,ak20421432,2018-12-01T16:17:59.040Z,"14km SSW of Big Lake, Alaska",earthquake,,1.8,,,reviewed,ak,ak
2018-11-30T22:32:27.780Z,-26.3461,178.5067,599.14,4.9,mb,,52,4.278,1,us,us1000hyw0,2018-11-30T23:07:49.040Z,"South of the Fiji Islands",earthquake,11.8,8.5,0.099,32,reviewed,us,us
2018-11-30T21:47:27.910Z,60.3854,-177.7006,10,4.6,mb,,73,4.417,1.08,us,us1000hytb,2018-12-06T04:15:19.040Z,"Bering Sea",earthquake,6.5,1.9,0.039,201,reviewed,us,us
2018-11-30T20:26:55.627Z,61.3922,-150.0636,31.1,5.1,ml,,,,0.93,ak,ak20420230,2018-12-03T18:39:24.040Z,"17km SSW of Big Lake, Alaska",earthquake,,0.4,,,reviewed,ak,ak
2018-11-30T20:07:49.970Z,2.4271,124.0228,333.4,4.6,mb,,81,3.493,0.71,us,us1000hymk,2018-11-30T23:06:50.040Z,"138km NW of Manado, Indonesia",earthquake,6.3,4.5,0.052,111,reviewed,us,us
2018-11-30T19:26:29.620Z,61.394,-149.9722,38.1,4.9,ml,,,,0.58,ak,ak20419870,2018-12-01T01:02:16.771Z,"17km NNW of Anchorage, Alaska",earthquake,,2,,,reviewed,ak,ak
2018-11-30T18:00:06.610Z,61.4596,-149.9376,39.4,5.1,mww,,,,0.54,us,us1000hyge,2018-12-01T16:19:48.411Z,"6km S of Big Lake, Alaska",earthquake,4.7,6.5,0.06,27,reviewed,ak,us
2018-11-30T17:42:59.789Z,61.516,-149.9078,41.7,4.5,ml,,,,0.78,ak,ak20419094,2018-11-30T20:32:42.985Z,"2km ESE of Big Lake, Alaska",earthquake,,0.2,,,reviewed,ak,ak
2018-11-30T17:35:37.382Z,61.2586,-149.9214,39.8,5.7,ml,,,,0.67,ak,ak20419042,2018-12-06T07:55:24.312Z,"4km NNW of Anchorage, Alaska",earthquake,,0.3,,,reviewed,ak,ak
2018-11-30T17:33:51.990Z,61.3631,-149.8803,44.15,4.8,ml,,43,0.283,0.6,us,us1000hyrc,2018-12-01T00:59:13.500Z,"16km N of Anchorage, Alaska",earthquake,4.1,10.2,0.048,57,reviewed,us,us
2018-11-30T17:29:29.206Z,61.3234,-149.9234,44.1,7,mww,,,,0.7,ak,ak20419010,2018-12-05T18:00:43.990Z,"12km N of Anchorage, Alaska",earthquake,,0.3,,,reviewed,ak,ak
2018-11-30T14:49:32.500Z,-2.9744,100.8973,44.6,4.8,mww,,108,2.473,1.22,us,us1000hyak,2018-11-30T15:05:15.040Z,"112km SSW of Sungaipenuh, Indonesia",earthquake,7.9,8.4,0.071,19,reviewed,us,us
2018-11-30T05:46:08.620Z,-18.4516,-173.9206,11.76,5.1,mb,,91,3.834,0.84,us,us1000hy7u,2018-11-30T13:48:42.024Z,"22km NNE of Neiafu, Tonga",earthquake,10.9,4.9,0.082,48,reviewed,us,us
2018-11-30T02:44:29.350Z,0.2687,97.13,10,4.8,mb,,167,1.12,0.98,us,us1000hy73,2018-11-30T03:03:24.040Z,"245km SW of Sibolga, Indonesia",earthquake,9,1.9,0.138,16,reviewed,us,us
2018-11-29T23:12:50.670Z,-0.1023,-17.8991,10,4.6,mb,,96,8.541,0.82,us,us1000i2u3,2018-12-06T03:11:16.040Z,"north of Ascension Island",earthquake,11.5,1.9,0.193,8,reviewed,us,us
2018-11-29T22:03:22.040Z,-22.898,-175.0481,10,4.8,mb,,161,8.256,0.55,us,us1000i2u2,2018-12-06T01:30:32.040Z,"173km S of `Ohonua, Tonga",earthquake,15.1,1.9,0.102,30,reviewed,us,us
2018-11-29T20:42:04.620Z,-8.6659,109.6837,77.98,5,mb,,113,1.118,1.07,us,us1000hy1r,2018-11-29T21:15:04.040Z,"101km SW of Srandakan, Indonesia",earthquake,6.5,6.6,0.09,39,reviewed,us,us
2018-11-29T20:21:44.780Z,0.2561,97.0421,8.81,5.7,mww,,56,1.169,0.8,us,us1000hy0k,2018-11-30T00:30:17.040Z,"253km SW of Sibolga, Indonesia",earthquake,6.9,2.3,0.066,22,reviewed,us,us
2018-11-29T20:18:13.440Z,0.2788,97.2499,10,4.6,mb,,191,1.069,1.02,us,us1000hy0j,2018-11-30T00:50:49.040Z,"234km SW of Sibolga, Indonesia",earthquake,5.8,1.9,0.111,24,reviewed,us,us
2018-11-29T19:59:57.630Z,37.5218,20.3663,10,4.6,mb,,163,1.288,0.88,us,us1000hy2e,2018-11-30T00:46:21.040Z,"46km WSW of Mouzaki, Greece",earthquake,4,1.9,0.173,13,reviewed,us,us
2018-11-29T15:22:21.820Z,-26.9985,-177.952,247.83,4.8,mb,,85,2.238,1.21,us,us1000hxvs,2018-11-30T16:28:56.040Z,"251km N of Raoul Island, New Zealand",earthquake,9,3.4,0.074,57,reviewed,us,us
2018-11-29T13:16:23.460Z,34.3567,45.7232,10,4.5,mb,,226,0.758,0.93,us,us1000hxuv,2018-11-29T17:36:58.040Z,"17km SW of Sarpol-e Zahab, Iran",earthquake,8.1,2,0.087,39,reviewed,us,us
2018-11-29T11:24:07.660Z,50.9781,-177.8468,35,4.8,mb,,81,0.977,1.4,us,us1000hxu0,2018-11-29T18:02:13.985Z,"93km ESE of Amatignak Island, Alaska",earthquake,9,1.9,0.035,248,reviewed,us,us
2018-11-29T07:07:38.030Z,0.1139,125.1782,64.92,4.7,mb,,46,2.283,0.59,us,us1000hxt0,2018-11-29T07:31:57.040Z,"110km SE of Modayag, Indonesia",earthquake,5.5,8.6,0.092,36,reviewed,us,us
2018-11-29T05:31:55.860Z,6.7862,-72.9756,161.19,4.6,mb,,62,2.347,0.62,us,us1000hxs5,2018-11-29T06:23:20.040Z,"11km NNE of Aratoca, Colombia",earthquake,4.8,9.7,0.035,239,reviewed,us,us
2018-11-29T04:49:29.310Z,12.997,-81.2839,10,4.6,mb,,36,3.05,0.86,us,us1000hxrz,2018-11-30T04:50:41.040Z,"41km SSE of Mountain, Colombia",earthquake,6.7,1.3,0.085,42,reviewed,us,us
2018-11-29T03:57:37.210Z,23.5476,94.32,83.34,4.5,mb,,100,0.679,0.6,us,us1000hxrv,2018-11-30T04:27:33.040Z,"13km SW of Mawlaik, Burma",earthquake,6.2,5.8,0.062,76,reviewed,us,us
2018-11-29T02:33:53.890Z,-13.5788,-111.4734,10,5,mb,,116,33.465,0.78,us,us1000hxrb,2018-11-30T04:08:45.040Z,"Central East Pacific Rise",earthquake,15,1.9,0.041,189,reviewed,us,us
2018-11-29T00:23:02.040Z,37.6539,20.4058,10,4.6,mb,,85,1.299,1.1,us,us1000hxq7,2018-11-29T00:43:33.040Z,"37km WSW of Mouzaki, Greece",earthquake,3.5,1.9,0.105,27,reviewed,us,us
2018-11-28T20:43:04.670Z,-4.2711,152.9615,10,5.1,mb,,85,0.799,1.22,us,us1000hxl7,2018-11-28T21:35:57.040Z,"23km NNW of Taron, Papua New Guinea",earthquake,10.1,1.9,0.119,23,reviewed,us,us
2018-11-28T20:30:54.160Z,5.2269,127.0932,53.11,4.5,mb,,132,2.37,0.81,us,us1000hxl5,2018-11-28T22:57:42.040Z,"161km SE of Pondaguitan, Philippines",earthquake,3.6,9.6,0.121,20,reviewed,us,us
2018-11-28T18:32:36.710Z,-33.6865,-72.2441,10,4.6,mb,,141,0.526,0.76,us,us1000hxjc,2018-11-28T22:41:25.040Z,"58km W of San Antonio, Chile",earthquake,5.1,1.9,0.157,12,reviewed,us,us
2018-11-28T17:54:31.350Z,27.4987,142.3556,35,4.7,mb,,138,0.429,1.25,us,us1000hxj0,2018-11-28T22:18:59.040Z,"48km NNE of Chichi-shima, Japan",earthquake,9.7,2,0.066,70,reviewed,us,us
2018-11-28T17:08:47.920Z,1.5792,99.5143,175.71,4.6,mb,,112,1.254,0.85,us,us1000hxhh,2018-11-28T21:59:51.040Z,"36km NE of Padangsidempuan, Indonesia",earthquake,6.9,5.2,0.092,35,reviewed,us,us
2018-11-28T15:00:06.930Z,9.3651,-70.6481,8.2,4.6,mb,,45,0.478,1,us,us1000hxfy,2018-11-29T01:26:05.765Z,"6km WSW of Motatan, Venezuela",earthquake,5.6,1.5,0.069,62,reviewed,us,us
2018-11-28T14:44:25.630Z,35.8167,68.6819,22.43,4.9,mww,,37,1.307,0.97,us,us1000hxf5,2018-11-28T16:11:10.730Z,"14km SSW of Pul-e Khumri, Afghanistan",earthquake,3.5,4.5,0.071,19,reviewed,us,us
2018-11-28T11:14:56.640Z,36.5401,141.0175,43.61,4.7,mb,,138,1.338,0.86,us,us1000hxdz,2018-11-28T13:55:00.154Z,"33km ESE of Hitachi, Japan",earthquake,6.9,6.9,0.064,74,reviewed,us,us
2018-11-28T10:17:12.320Z,27.1973,96.929,52.05,5.3,mww,,20,3.788,0.84,us,us1000hxdh,2018-12-04T09:43:33.582Z,"109km SE of Tezu, India",earthquake,7.8,6.1,0.073,18,reviewed,us,us
2018-11-28T09:17:35.690Z,-5.7654,149.1023,134.82,4.9,mb,,75,3.427,0.36,us,us1000hxcs,2018-11-28T09:45:54.040Z,"70km NW of Kandrian, Papua New Guinea",earthquake,8,6.4,0.122,22,reviewed,us,us
2018-11-28T07:34:10.190Z,19.3496,145.6536,94.5,4.7,mb,,96,5.777,1.08,us,us1000hxc1,2018-11-28T07:50:50.040Z,"64km N of Agrihan, Northern Mariana Islands",earthquake,10,8.1,0.047,140,reviewed,us,us
2018-11-28T02:23:24.870Z,41.3502,143.1771,9,5.4,mww,,19,0.664,0.56,us,us1000hxal,2018-11-30T05:04:27.487Z,"128km SSE of Shizunai, Japan",earthquake,5,1.7,0.056,31,reviewed,us,us
2018-11-27T23:16:11.040Z,36.6163,25.7548,10,4.9,mb,,45,1.499,1.08,us,us1000hx8s,2018-11-30T04:57:32.796Z,"21km SSW of Kamarion, Greece",earthquake,5.7,1.8,0.048,135,reviewed,us,us
2018-11-27T19:49:24.780Z,-22.2788,170.5721,19.89,4.7,mb,,84,3.813,0.96,us,us1000hxcd,2018-11-28T20:46:31.040Z,"152km W of Ile Hunter, New Caledonia",earthquake,10.1,4.5,0.118,25,reviewed,us,us
2018-11-27T19:34:45.570Z,15.5788,-49.8434,10,5.6,mww,,25,9.72,1.09,us,us1000hx62,2018-11-28T20:33:42.424Z,"North Atlantic Ocean",earthquake,6.8,1.6,0.05,38,reviewed,us,us
2018-11-27T19:30:44.400Z,-22.0467,170.4462,31.44,4.9,mb,,86,3.709,0.8,us,us1000hx61,2018-11-28T20:13:08.040Z,"169km WNW of Ile Hunter, New Caledonia",earthquake,11.2,2.9,0.117,23,reviewed,us,us
2018-11-27T17:22:43.700Z,-19.4394,-69.1431,106.42,4.5,mb,,83,0.233,1.32,us,us1000hx2l,2018-11-27T18:42:33.040Z,"135km NE of Iquique, Chile",earthquake,6.1,5.5,0.087,39,reviewed,us,us
2018-11-27T15:41:20.200Z,-21.3682,171.3341,10,5.7,mww,,100,3.814,0.99,us,us1000hx1t,2018-12-04T20:11:46.959Z,"136km NNW of Ile Hunter, New Caledonia",earthquake,7.9,1.7,0.039,64,reviewed,us,us
2018-11-27T14:34:20.880Z,48.3806,154.9629,35,4.9,mb,,92,5.041,0.65,us,us1000hx1b,2018-12-04T19:20:38.040Z,"269km SSW of Severo-Kuril'sk, Russia",earthquake,9.8,2,0.036,248,reviewed,us,us
2018-11-27T14:18:32.580Z,-22.895,-179.4227,524.8,4.5,mb,,111,5.644,0.54,us,us1000hyee,2018-12-04T19:18:16.040Z,"259km SSW of Ndoi Island, Fiji",earthquake,12.4,8.9,0.113,23,reviewed,us,us
2018-11-27T12:53:43.310Z,-18.2105,-178.0886,569.53,4.5,mb,,75,3.701,1.2,us,us1000hwzz,2018-11-27T13:19:22.040Z,"277km NNE of Ndoi Island, Fiji",earthquake,13.3,6.9,0.061,78,reviewed,us,us
2018-11-27T12:03:28.000Z,-1.0293,-13.6631,10,5.8,mww,,39,6.892,0.8,us,us1000hwzq,2018-11-28T00:49:46.040Z,"North of Ascension Island",earthquake,7.4,1.8,0.073,18,reviewed,us,us
2018-11-27T09:30:19.050Z,-7.1811,154.8516,10,5.2,mb,,64,3.996,0.95,us,us1000hwz3,2018-11-27T09:50:31.040Z,"118km SW of Panguna, Papua New Guinea",earthquake,6,1.9,0.081,50,reviewed,us,us
2018-11-27T09:22:16.820Z,-7.0746,154.7539,10,5.5,mb,,29,3.853,1.26,us,us1000hwz0,2018-11-28T00:48:13.040Z,"116km SW of Panguna, Papua New Guinea",earthquake,8.2,1.8,0.04,216,reviewed,us,us
2018-11-27T09:00:45.060Z,-22.0211,169.78,32.81,4.9,mb,,128,2.239,0.63,us,us1000hwyv,2018-11-27T10:30:05.040Z,"202km ESE of Tadine, New Caledonia",earthquake,10.7,7.2,0.117,24,reviewed,us,us
2018-11-27T06:36:33.680Z,34.3294,45.6262,10,4.6,mb,,99,0.789,1.16,us,us1000hwy4,2018-11-27T16:04:07.629Z,"26km SW of Sarpol-e Zahab, Iran",earthquake,6.9,1.9,0.084,42,reviewed,us,us
2018-11-27T05:37:59.600Z,19.3519,-108.3696,10,5.5,mww,,132,4.554,1.12,us,us1000hwxu,2018-11-28T01:09:54.040Z,"281km ENE of Socorro Island, Mexico",earthquake,9.7,1.9,0.068,21,reviewed,us,us
2018-11-27T05:11:05.350Z,-12.8527,45.2993,10,5,mb,,49,6.404,0.6,us,us1000hwxr,2018-11-27T05:58:19.142Z,"6km SSE of Pamandzi, Mayotte",earthquake,11,1.9,0.082,47,reviewed,us,us
2018-11-27T04:30:22.790Z,13.0228,-90.3603,18.89,4.6,mb,,147,1.281,0.99,us,us1000hwxg,2018-11-27T04:47:57.040Z,"85km SW of Acajutla, El Salvador",earthquake,4.3,5.2,0.038,212,reviewed,us,us
2018-11-27T03:13:56.040Z,-22.1348,-178.8349,548.33,5,mb,,102,5.257,1.03,us,us1000hwx6,2018-11-27T03:28:30.040Z,"164km S of Ndoi Island, Fiji",earthquake,12.8,7.9,0.106,28,reviewed,us,us
2018-11-27T02:45:32.500Z,-17.8868,-178.5701,568.4,5.6,mww,,39,3.22,0.98,us,us1000hwwp,2018-11-27T22:28:15.040Z,"271km SE of Lambasa, Fiji",earthquake,10.7,6.9,0.073,18,reviewed,us,us
2018-11-27T01:39:58.760Z,12.9909,-90.347,11.54,4.5,mb,,169,1.287,0.95,us,us1000hwwb,2018-11-27T02:17:51.040Z,"87km SW of Acajutla, El Salvador",earthquake,7.8,6.6,0.046,137,reviewed,us,us
2018-11-27T01:17:44.790Z,13.1492,-81.0215,10,4.5,mb,,32,3.337,0.83,us,us1000hww7,2018-11-30T03:55:18.040Z,"44km ESE of Mountain, Colombia",earthquake,5.8,1.9,0.046,140,reviewed,us,us
2018-11-27T00:13:31.230Z,-11.6769,-13.9373,10,4.9,mb,,57,3.743,0.56,us,us1000hwvw,2018-12-02T00:45:47.040Z,"Ascension Island region",earthquake,8.7,1.9,0.08,49,reviewed,us,us
2018-11-26T23:33:51.410Z,36.0703,139.7598,54.19,4.8,mwr,,98,1.343,0.79,us,us1000hwvf,2018-12-01T23:04:53.941Z,"3km E of Satte, Japan",earthquake,5.9,5.6,0.068,21,reviewed,us,us
2018-11-26T22:46:58.100Z,-19.1873,169.7601,20.93,4.9,mb,,51,4.036,0.97,us,us1000hwv6,2018-11-30T04:46:31.040Z,"65km NE of Isangel, Vanuatu",earthquake,8.9,3.6,0.099,32,reviewed,us,us
2018-11-26T18:00:26.750Z,2.7882,128.5947,223.21,4.6,mb,,123,2.349,0.94,us,us1000hwqv,2018-11-26T18:17:47.040Z,"134km NNE of Tobelo, Indonesia",earthquake,10,8.3,0.112,24,reviewed,us,us
2018-11-26T16:23:51.750Z,-3.9091,129.8022,49.5,4.6,mb,,68,2.632,0.65,us,us1000hwpx,2018-12-03T17:42:30.040Z,"117km ESE of Amahai, Indonesia",earthquake,6.9,9.6,0.096,32,reviewed,us,us
2018-11-26T15:06:22.400Z,2.6805,94.5554,10,4.6,mb,,172,3.313,0.56,us,us1000hwnt,2018-12-03T16:26:03.040Z,"204km W of Sinabang, Indonesia",earthquake,7.4,1.8,0.105,27,reviewed,us,us
2018-11-26T14:12:24.370Z,-39.8546,-71.417,159.81,4.6,mb,,64,0.273,0.52,us,us1000hwn6,2018-12-03T16:22:53.040Z,"31km WNW of Junin de los Andes, Argentina",earthquake,6.4,5.5,0.109,25,reviewed,us,us
2018-11-26T13:04:02.120Z,38.8713,141.8403,48.67,4.5,mb,,145,1.297,0.73,us,us1000hwmi,2018-12-03T14:49:11.040Z,"24km SSE of Ofunato, Japan",earthquake,8.6,3.3,0.156,12,reviewed,us,us
2018-11-26T09:57:00.510Z,-47.9067,165.3506,10,4.9,mb,,78,1.964,1.23,us,us1000hwlv,2018-11-26T11:32:08.040Z,"266km SW of Riverton, New Zealand",earthquake,7.5,1.8,0.117,23,reviewed,us,us
2018-11-26T09:13:13.850Z,13.0807,-81.0383,10,4.6,mb,,37,3.303,1.4,us,us1000hwlf,2018-11-26T12:55:08.040Z,"47km SE of Mountain, Colombia",earthquake,6.9,1.9,0.041,175,reviewed,us,us
2018-11-26T06:36:13.510Z,13.0714,-81.2366,10,4.5,mb,,26,3.114,0.75,us,us1000hwku,2018-11-26T08:36:13.040Z,"35km SSE of Mountain, Colombia",earthquake,7.4,2,0.082,43,reviewed,us,us
2018-11-26T05:20:16.440Z,50.0727,156.142,66.34,4.6,mb,,128,3.191,0.62,us,us1000hwkm,2018-11-26T08:13:58.040Z,"67km S of Severo-Kuril'sk, Russia",earthquake,9.7,7.8,0.045,151,reviewed,us,us
2018-11-26T03:43:05.400Z,13.2022,-81.0372,10,4.7,mb,,46,0.361,0.89,us,us1000hwjz,2018-12-04T23:34:57.040Z,"40km ESE of Mountain, Colombia",earthquake,5.4,1.8,0.045,147,reviewed,us,us
2018-11-26T02:10:28.810Z,-53.675,-134.2868,10,4.5,mb,,106,36.5,0.69,us,us1000hyck,2018-12-04T04:42:09.040Z,"Pacific-Antarctic Ridge",earthquake,11.5,1.9,0.181,10,reviewed,us,us
2018-11-26T01:19:41.530Z,34.3065,45.6989,10,4.9,mb,,71,0.808,0.82,us,us1000hwjg,2018-12-04T03:32:32.040Z,"22km SW of Sarpol-e Zahab, Iran",earthquake,5.5,1.8,0.061,85,reviewed,us,us
2018-11-26T00:38:36.740Z,34.3869,45.7492,10,4.9,mb,,74,0.728,0.79,us,us1000hwjc,2018-11-26T01:24:43.040Z,"13km SW of Sarpol-e Zahab, Iran",earthquake,7.2,1.8,0.047,140,reviewed,us,us
2018-11-26T00:24:40.520Z,-53.8525,-134.2271,10,5.3,mb,,38,31.578,0.66,us,us1000hwj9,2018-11-26T01:38:19.040Z,"Pacific-Antarctic Ridge",earthquake,11.5,1.8,0.039,217,reviewed,us,us
2018-11-25T23:57:25.060Z,23.4163,118.5815,11.45,5.7,mww,,13,1.057,0.91,us,us1000hwix,2018-12-03T05:59:16.814Z,"102km SE of Aozhong, China",earthquake,5.3,2.9,0.061,26,reviewed,us,us
2018-11-25T23:47:40.780Z,-26.5011,29.0126,5,4.6,mb,,77,2.548,0.67,us,us1000hyc9,2018-12-03T06:18:54.040Z,"6km WNW of eMbalenhle, South Africa",earthquake,3.7,1.9,0.182,9,reviewed,us,us
2018-11-25T23:00:46.470Z,34.238,45.6438,10,5,mb,,87,0.879,0.54,us,us1000hwi6,2018-11-26T00:28:27.040Z,"31km SW of Sarpol-e Zahab, Iran",earthquake,5.8,1.8,0.037,228,reviewed,us,us
2018-11-25T20:56:36.180Z,13.1735,-81.0334,10,5.6,mww,,32,3.333,1.15,us,us1000hwg8,2018-11-25T22:58:49.878Z,"41km ESE of Mountain, Colombia",earthquake,6.9,1.9,0.061,26,reviewed,us,us
2018-11-25T20:31:00.660Z,-22.4026,-68.4861,133.91,4.6,mb,,57,0.616,0.97,us,us1000hwfw,2018-11-25T21:36:27.040Z,"46km E of Calama, Chile",earthquake,10.4,8.1,0.272,4,reviewed,us,us
2018-11-25T17:24:29.400Z,-21.2812,171.3934,10,4.9,mb,,125,3.896,1.19,us,us1000hwee,2018-11-25T17:40:34.040Z,"141km NNW of Ile Hunter, New Caledonia",earthquake,9,1.9,0.123,21,reviewed,us,us
2018-11-25T17:09:36.410Z,34.4338,45.6848,10,5.3,mww,,74,0.682,0.88,us,us1000hwe7,2018-11-25T21:12:59.534Z,"16km W of Sarpol-e Zahab, Iran",earthquake,7.8,1.9,0.073,18,reviewed,us,us
2018-11-25T16:37:32.710Z,34.3464,45.7432,18,6.3,mww,,22,0.768,0.89,us,us1000hwdw,2018-12-03T18:33:33.106Z,"16km SW of Sarpol-e Zahab, Iran",earthquake,5.8,1.8,0.059,28,reviewed,us,us
2018-11-25T16:19:46.610Z,13.0131,-81.2118,10,4.5,mb,,45,3.122,0.76,us,us1000hwds,2018-12-02T20:55:06.859Z,"42km SSE of Mountain, Colombia",earthquake,7.6,1.9,0.111,24,reviewed,us,us
2018-11-25T15:45:59.010Z,13.0623,-81.2039,10,4.9,mb,,28,3.142,0.51,us,us1000hwdk,2018-12-02T20:38:25.329Z,"38km SSE of Mountain, Colombia",earthquake,6.8,1.9,0.032,311,reviewed,us,us
2018-11-25T15:40:36.080Z,-35.3576,-104.6603,10,4.7,mb,,168,25.123,0.62,us,us1000hybq,2018-12-02T20:34:57.040Z,"Southeast of Easter Island",earthquake,10.6,1.8,0.083,44,reviewed,us,us
2018-11-25T15:10:30.280Z,10.3772,126.2883,10,4.5,mb,,147,10.858,1.14,us,us1000hybp,2018-12-02T20:05:52.040Z,"46km NNE of San Isidro, Philippines",earthquake,14.9,1.9,0.192,11,reviewed,us,us
2018-11-25T13:27:29.430Z,18.0725,146.5039,58.27,4.6,mb,,75,4.727,0.73,us,us1000hwd8,2018-12-02T17:18:14.040Z,"77km E of Pagan, Northern Mariana Islands",earthquake,7.3,7.9,0.087,39,reviewed,us,us
2018-11-25T12:23:33.510Z,44.6544,81.5084,10,5,mb,,46,2.178,0.52,us,us1000hwcw,2018-12-02T07:30:12.040Z,"88km NNE of Yining Xian, China",earthquake,2.4,1.9,0.052,120,reviewed,us,us
2018-11-25T10:07:37.300Z,-5.6512,151.076,62.74,4.5,mb,,142,1.81,0.78,us,us1000hybg,2018-12-02T06:57:09.040Z,"103km E of Kimbe, Papua New Guinea",earthquake,9.5,9.3,0.113,23,reviewed,us,us
2018-11-25T09:42:05.470Z,-5.481,146.7628,232.51,5.2,mww,,60,3.467,0.72,us,us1000hwc9,2018-12-01T09:55:02.707Z,"110km ESE of Madang, Papua New Guinea",earthquake,4.8,5.5,0.071,19,reviewed,us,us
2018-11-25T09:40:53.060Z,-6.6404,130.3574,108.44,5,mb,,97,1.627,0.85,us,us1000hwc8,2018-12-01T09:51:01.040Z,"179km NW of Saumlaki, Indonesia",earthquake,7.5,6.9,0.06,88,reviewed,us,us
2018-11-25T09:21:33.650Z,17.8896,120.6919,30.12,4.7,mb,,65,4.916,0.68,us,us1000hwc6,2018-12-01T09:49:12.040Z,"4km SE of Nueva Era, Philippines",earthquake,8.8,5.8,0.054,103,reviewed,us,us
2018-11-25T09:19:05.270Z,33.9248,134.4666,45.58,4.6,mb,,54,0.527,0.54,us,us1000hwig,2018-12-01T09:46:28.625Z,"13km SW of Komatsushima, Japan",earthquake,7,7.9,0.1,30,reviewed,us,us
2018-11-25T07:34:35.600Z,-7.1155,68.8738,10,4.7,mb,,85,3.562,0.5,us,us1000hwbx,2018-11-25T08:21:48.040Z,"Chagos Archipelago region",earthquake,7.5,1.7,0.087,40,reviewed,us,us
2018-11-25T06:14:29.700Z,-29.1619,-177.0918,37.51,5.6,mww,,101,0.736,1.23,us,us1000hwb5,2018-11-26T18:40:40.040Z,"79km E of Raoul Island, New Zealand",earthquake,8.2,6.2,0.066,22,reviewed,us,us
2018-11-25T03:40:51.030Z,13.159,-81.1606,10,6,mww,,26,0.292,1.14,us,us1000hwaj,2018-11-26T03:45:07.230Z,"32km SE of Mountain, Colombia",earthquake,6.3,1.8,0.047,44,reviewed,us,us
2018-11-25T03:16:46.320Z,48.4158,155.0325,35,4.6,mb,,85,4.993,0.77,us,us1000hwaf,2018-11-25T03:44:22.040Z,"263km SSW of Severo-Kuril'sk, Russia",earthquake,6.6,1.8,0.058,90,reviewed,us,us
2018-11-25T02:40:12.580Z,35.78,28.4212,10,4.5,mwr,,58,0.496,1.1,us,us1000hwa8,2018-11-25T03:07:06.040Z,"50km SE of Lardos, Greece",earthquake,2.7,1.9,0.098,10,reviewed,us,us
2018-11-25T01:19:06.920Z,13.1956,-81.2093,10,4.6,mb,,31,3.176,0.79,us,us1000hw9h,2018-11-25T02:01:05.040Z,"25km SE of Mountain, Colombia",earthquake,6.2,1.9,0.045,148,reviewed,us,us
2018-11-25T01:17:28.710Z,-22.6915,-176.0066,42.45,4.8,mb,,113,6.725,1.04,us,us1000hw9i,2018-11-25T01:45:23.040Z,"184km SSW of Vaini, Tonga",earthquake,5.4,7.6,0.154,13,reviewed,us,us
2018-11-24T23:42:39.330Z,-47.9307,165.46,10,5.8,mww,,56,1.952,1.29,us,us1000hw91,2018-11-27T17:51:40.040Z,"261km SW of Riverton, New Zealand",earthquake,7.8,1.9,0.06,27,reviewed,us,us
2018-11-24T20:41:12.450Z,9.3221,-70.6725,12.88,5.1,mww,,22,0.437,0.88,us,us1000hw7f,2018-12-05T06:22:51.624Z,"7km W of Valera, Venezuela",earthquake,5.4,3.3,0.073,18,reviewed,us,us
2018-11-24T15:42:00.790Z,-21.1183,-175.5379,10,5.4,mww,,114,5.65,1.08,us,us1000hw5j,2018-11-26T18:29:36.040Z,"33km W of Havelu, Tonga",earthquake,8.4,1.7,0.073,18,reviewed,us,us
2018-11-24T13:56:01.760Z,-33.883,56.1844,10,5.3,mb,,72,11.959,1.32,us,us1000hw4l,2018-11-24T14:11:28.040Z,"Southwest Indian Ridge",earthquake,4.9,1.8,0.087,44,reviewed,us,us
2018-11-24T11:50:52.240Z,-28.984,-176.1594,10,4.7,mb,,261,1.57,0.6,us,us1000hxya,2018-12-01T09:41:16.040Z,"172km E of Raoul Island, New Zealand",earthquake,14.5,2,0.133,17,reviewed,us,us
2018-11-24T09:47:08.890Z,-6.6889,150.6475,10,5.1,mb,,85,2.904,0.91,us,us1000hw32,2018-11-24T10:03:57.040Z,"132km ESE of Kandrian, Papua New Guinea",earthquake,9.2,1.9,0.083,47,reviewed,us,us
2018-11-24T04:49:08.500Z,6.0918,126.1516,133.17,4.6,mb,,109,1.125,0.53,us,us1000hw11,2018-11-24T05:14:58.040Z,"29km S of Pondaguitan, Philippines",earthquake,11.4,10,0.095,33,reviewed,us,us
2018-11-24T04:27:32.280Z,-0.7146,131.7754,40.02,4.6,mb,,128,2.24,1.13,us,us1000hw10,2018-11-30T00:53:31.040Z,"61km ENE of Sorong, Indonesia",earthquake,13.6,5.9,0.152,13,reviewed,us,us
2018-11-23T22:04:13.530Z,-14.8083,-73.9628,93.25,4.6,mb,,139,3.963,1.27,us,us1000hvz1,2018-11-24T00:17:12.040Z,"5km W of Tambo, Peru",earthquake,8.6,7.6,0.078,49,reviewed,us,us
2018-11-23T21:48:54.280Z,-56.4623,-25.0569,10,4.8,mb,,208,6.871,0.41,us,us1000hxxs,2018-11-30T05:06:44.040Z,"134km E of Visokoi Island, South Georgia and the South Sandwich Islands",earthquake,10.4,2,0.175,10,reviewed,us,us
2018-11-23T21:43:00.060Z,-56.6117,-25.6836,10,4.5,mb,,207,6.574,0.73,us,us1000hxy0,2018-11-30T05:47:59.040Z,"93km E of Visokoi Island, South Georgia and the South Sandwich Islands",earthquake,8.1,2,0.15,13,reviewed,us,us
2018-11-23T21:41:03.310Z,-56.7272,-25.6508,10,4.9,mb,,119,6.625,0.92,us,us1000hvyw,2018-11-24T00:11:30.040Z,"94km E of Visokoi Island, South Georgia and the South Sandwich Islands",earthquake,8.7,1.9,0.077,52,reviewed,us,us
2018-11-23T18:28:11.970Z,-24.0751,-66.8166,170.93,4.6,mb,,39,1.677,1.27,us,us1000hvx5,2018-11-24T17:08:23.040Z,"53km WNW of San Antonio de los Cobres, Argentina",earthquake,6.8,5.8,0.045,147,reviewed,us,us
2018-11-23T17:40:46.490Z,7.0558,-77.9626,10,4.9,mb,,54,2.8,1.09,us,us1000hvw2,2018-11-24T16:58:33.040Z,"22km WSW of Jurado, Colombia",earthquake,6.3,1.8,0.047,140,reviewed,us,us
2018-11-23T16:00:13.720Z,3.3059,125.037,41.08,4.9,mb,,106,3.428,0.66,us,us1000hvti,2018-11-23T16:49:56.040Z,"201km N of Laikit, Laikit II (Dimembe), Indonesia",earthquake,8.7,5.4,0.099,32,reviewed,us,us
2018-11-23T14:30:14.620Z,37.1305,141.1742,47.07,4.8,mww,,125,0.798,1,us,us1000hvsm,2018-12-01T09:26:23.502Z,"27km ENE of Iwaki, Japan",earthquake,7.4,5.4,0.073,18,reviewed,us,us
2018-11-23T10:51:59.840Z,-56.2619,-26.9851,82.85,5.6,mb,,64,5.782,0.94,us,us1000hvn9,2018-11-23T17:59:18.040Z,"50km NNE of Visokoi Island, South Georgia and the South Sandwich Islands",earthquake,10,6.6,0.052,131,reviewed,us,us
2018-11-23T07:57:19.730Z,17.4795,147.6355,10,4.6,mb,,110,4.698,0.63,us,us1000hvmb,2018-11-23T08:51:08.040Z,"209km ESE of Pagan, Northern Mariana Islands",earthquake,8.1,1.9,0.082,44,reviewed,us,us
2018-11-23T07:19:51.110Z,29.3424,142.3121,10,4.7,mb,,130,2.241,0.76,us,us1000hvm0,2018-11-23T08:14:59.040Z,"250km N of Chichi-shima, Japan",earthquake,9.4,1.9,0.09,37,reviewed,us,us
2018-11-23T05:31:04.650Z,-22.2315,-68.7306,122.62,4.5,mb,,53,0.642,1.04,us,us1000hvlj,2018-11-23T06:49:38.040Z,"33km NE of Calama, Chile",earthquake,6.6,7.2,0.163,11,reviewed,us,us
2018-11-23T00:25:35.560Z,49.4502,-28.6427,10,4.6,mb,,122,16.578,0.56,us,us1000hxx0,2018-11-30T04:17:11.040Z,"Northern Mid-Atlantic Ridge",earthquake,13.9,1.9,0.116,22,reviewed,us,us
2018-11-22T22:13:52.580Z,-21.0557,-178.5288,527.77,5.3,mww,,63,4.61,0.92,us,us1000hvka,2018-11-22T23:11:31.040Z,"48km SSE of Ndoi Island, Fiji",earthquake,10.4,5.1,0.071,19,reviewed,us,us
2018-11-22T20:49:42.830Z,11.2504,-87.8482,10,4.5,mb,,190,1.635,0.68,us,us1000hvjx,2018-11-24T19:49:52.510Z,"154km SSW of Corinto, Nicaragua",earthquake,4,1.9,0.1,29,reviewed,us,us
2018-11-22T20:15:55.730Z,-31.9179,-69.7216,116.73,4.5,mb,,91,0.958,0.87,us,us1000hvje,2018-11-24T19:13:38.115Z,"71km SSW of Calingasta, Argentina",earthquake,1.9,7.1,0.127,20,reviewed,us,us
2018-11-22T20:12:48.190Z,-12.7387,167.0128,206.25,5.1,mww,,40,7.67,0.88,us,us1000hvjf,2018-11-24T19:09:18.040Z,"139km NNW of Sola, Vanuatu",earthquake,8.9,4.5,0.073,18,reviewed,us,us
2018-11-22T16:07:05.320Z,-54.2006,-137.4542,10,5.9,mww,,29,27.419,1.13,us,us1000hvfv,2018-11-23T22:01:09.146Z,"Pacific-Antarctic Ridge",earthquake,11.2,1.7,0.057,30,reviewed,us,us
2018-11-22T16:00:15.280Z,37.3756,20.4602,19.63,4.6,mb,,143,1.185,0.85,us,us1000hvfq,2018-11-23T21:43:47.040Z,"50km SW of Mouzaki, Greece",earthquake,5.9,5.7,0.111,24,reviewed,us,us
2018-11-22T15:11:27.330Z,10.3257,-62.1864,18.84,4.7,mb,,85,1.87,0.78,us,us1000hvfd,2018-11-23T21:32:19.040Z,"29km SSE of Guiria, Venezuela",earthquake,6.2,5.5,0.082,46,reviewed,us,us
2018-11-22T11:11:30.200Z,37.2289,20.5556,10,4.6,mb,,81,1.094,0.75,us,us1000hvdp,2018-11-22T11:49:51.040Z,"59km SSW of Lithakia, Greece",earthquake,7.6,1.9,0.081,46,reviewed,us,us
2018-11-22T11:01:38.710Z,-17.1316,168.251,48.94,4.8,mb,,80,5.065,0.58,us,us1000hvdm,2018-11-22T11:31:51.040Z,"67km N of Port-Vila, Vanuatu",earthquake,10.2,8.5,0.073,57,reviewed,us,us
2018-11-22T10:11:55.910Z,-20.1541,-173.9731,10,4.8,mb,,75,6.555,0.78,us,us1000hvd6,2018-11-22T10:43:10.040Z,"55km SE of Pangai, Tonga",earthquake,7.2,1.9,0.061,83,reviewed,us,us
2018-11-22T02:11:52.090Z,27.155,53.7433,10,4.7,mb,,121,8.284,0.92,us,us1000hva5,2018-11-22T02:21:15.040Z,"68km SW of Gerash, Iran",earthquake,9,1.9,0.073,56,reviewed,us,us
2018-11-22T01:07:23.940Z,-16.1957,-172.7831,73.41,4.6,mb,,114,2.472,0.48,us,us1000hv9u,2018-11-22T01:31:18.040Z,"106km ESE of Hihifo, Tonga",earthquake,10.8,14.8,0.141,15,reviewed,us,us
2018-11-21T23:14:10.310Z,52.6642,-174.3166,193.61,4.7,mb,,66,0.349,1.02,us,us1000hv8d,2018-12-03T00:45:09.824Z,"52km N of Atka, Alaska",earthquake,7.8,4.7,0.04,189,reviewed,us,us
2018-11-21T23:00:09.300Z,-5.3265,152.8948,10,4.7,mb,,83,1.342,0.5,us,us1000hv8n,2018-12-02T02:49:53.040Z,"96km S of Taron, Papua New Guinea",earthquake,8.2,1.3,0.112,24,reviewed,us,us
2018-11-21T18:21:44.383Z,59.9503,-153.2683,143.2,5.9,ml,,,,0.79,ak,ak20386247,2018-12-03T01:00:43.257Z,"65km SSW of Redoubt Volcano, Alaska",earthquake,,0.1,,,reviewed,ak,ak
2018-11-21T15:49:35.530Z,4.9958,94.7293,48.23,4.9,mww,,122,2.221,0.7,us,us1000huys,2018-11-30T03:59:01.040Z,"90km SW of Banda Aceh, Indonesia",earthquake,6.7,5.4,0.08,15,reviewed,us,us
2018-11-21T14:42:28.480Z,-5.1673,102.836,45.49,4.8,mb,,91,2.918,1.03,us,us1000huy0,2018-11-23T06:16:28.040Z,"103km W of Kuripan, Indonesia",earthquake,8,7.9,0.077,52,reviewed,us,us
2018-11-21T14:38:43.670Z,2.314,96.2226,25.18,4.6,mb,,192,1.683,0.54,us,us1000huxz,2018-11-23T06:10:36.040Z,"25km SW of Sinabang, Indonesia",earthquake,9.2,4.2,0.095,33,reviewed,us,us
2018-11-21T11:51:51.580Z,-2.5342,139.6652,55.9,4.8,mb,,107,9.932,1.04,us,us1000huwn,2018-11-21T12:16:23.040Z,"102km W of Abepura, Indonesia",earthquake,11.3,7.9,0.089,40,reviewed,us,us
2018-11-21T11:42:59.810Z,-31.5957,-71.5056,49.01,4.7,mwr,,75,0.925,0.77,us,us1000huwi,2018-11-21T16:03:54.528Z,"32km W of Illapel, Chile",earthquake,5,5.2,0.035,79,reviewed,us,us
2018-11-21T11:25:57.330Z,-6.9983,126.9291,408.03,4.6,mb,,70,3.8,0.62,us,us1000huw7,2018-11-21T11:45:24.040Z,"228km NE of Dili, East Timor",earthquake,9,8.3,0.071,58,reviewed,us,us
2018-11-21T08:46:05.400Z,10.5543,-86.0879,10,4.5,mb,,166,1.147,1.2,us,us1000huty,2018-11-21T08:59:40.040Z,"48km W of Sardinal, Costa Rica",earthquake,7.4,1.9,0.051,112,reviewed,us,us
2018-11-21T08:24:36.140Z,10.4803,-86.1861,10,4.6,mb,,167,1.228,1.4,us,us1000hutu,2018-11-21T08:55:40.040Z,"59km W of Sardinal, Costa Rica",earthquake,4.1,1.9,0.046,143,reviewed,us,us
2018-11-21T07:40:21.690Z,10.6272,-86.024,10,4.9,mb,,140,1.105,1.26,us,us1000huth,2018-11-23T05:02:32.039Z,"42km WNW of Sardinal, Costa Rica",earthquake,5.7,1.8,0.028,390,reviewed,us,us
2018-11-21T06:39:13.770Z,0.985,125.3225,71.26,4.7,mb,,68,2.054,1.16,us,us1000hut4,2018-11-27T07:05:58.040Z,"53km SSE of Bitung, Indonesia",earthquake,7.9,7.9,0.096,33,reviewed,us,us
2018-11-21T05:32:55.520Z,3.7205,96.9382,108.46,4.5,mb,,147,1.498,0.79,us,us1000husw,2018-11-21T06:23:50.040Z,"100km ESE of Meulaboh, Indonesia",earthquake,6.5,8.7,0.102,28,reviewed,us,us
2018-11-21T04:31:25.550Z,0.4751,126.0018,27.98,5.3,mb,,44,1.396,0.91,us,us1000husj,2018-11-21T16:40:15.040Z,"140km SE of Bitung, Indonesia",earthquake,6.2,4.9,0.048,146,reviewed,us,us
2018-11-21T00:06:49.880Z,-28.8586,-67.3543,117.1,4.6,mb,,78,2.561,0.73,us,us1000hur2,2018-11-30T02:30:17.040Z,"36km NNE of Chilecito, Argentina",earthquake,8.4,5.9,0.082,45,reviewed,us,us
2018-11-20T22:28:55.200Z,35.7383,140.7146,47.13,4.5,mb,,151,2.127,0.93,us,us1000hx4c,2018-12-01T04:30:09.040Z,"6km ENE of Asahi, Japan",earthquake,7.2,8.4,0.127,18,reviewed,us,us
2018-11-20T20:16:02.790Z,44.4524,148.0753,101.46,4.7,mww,,85,3.95,1.08,us,us1000hul5,2018-11-21T19:05:21.040Z,"88km S of Kuril'sk, Russia",earthquake,7.7,2.1,0.103,9,reviewed,us,us
2018-11-20T19:19:46.030Z,3.3286,128.1833,55.99,4.6,mb,,76,2.667,1.08,us,us1000hukm,2018-11-21T18:35:25.040Z,"178km N of Tobelo, Indonesia",earthquake,8.4,7,0.072,59,reviewed,us,us
2018-11-20T19:09:48.760Z,30.4087,130.0687,123,5.5,mww,,30,2.794,0.89,us,us1000hujf,2018-11-26T23:45:15.717Z,"96km WSW of Nishinoomote, Japan",earthquake,5.9,1.8,0.042,54,reviewed,us,us
2018-11-20T17:49:19.910Z,20.2441,93.6503,44.91,4.5,mb,,118,2.386,0.94,us,us1000huhk,2018-11-21T16:03:14.040Z,"79km E of Akyab, Burma",earthquake,6.1,6.1,0.099,30,reviewed,us,us
2018-11-20T15:38:31.270Z,42.0009,142.7654,73.55,4.5,mb,,114,0.292,0.61,us,us1000hx47,2018-11-27T21:03:51.040Z,"49km SE of Shizunai, Japan",earthquake,9.4,8.5,0.27,5,reviewed,us,us
2018-11-20T15:24:13.130Z,-12.2345,41.2532,10,4.6,mb,,77,8.509,0.91,us,us1000hx3y,2018-11-27T20:31:17.040Z,"71km E of Ibo, Mozambique",earthquake,9.6,1.9,0.273,7,reviewed,us,us
2018-11-20T10:21:49.620Z,-6.4747,149.3997,35,5,mb,,81,3.566,1.37,us,us1000hudc,2018-11-20T10:39:02.040Z,"33km SSW of Kandrian, Papua New Guinea",earthquake,8.1,2,0.1,32,reviewed,us,us
2018-11-20T10:16:49.180Z,37.1614,20.5799,10,4.6,mb,,140,1.074,0.97,us,us1000huda,2018-11-20T10:35:55.040Z,"65km SSW of Lithakia, Greece",earthquake,6.1,2,0.128,18,reviewed,us,us
2018-11-20T08:34:57.150Z,4.6738,125.2961,23.94,4.7,mb,,101,2.396,0.5,us,us1000hx3n,2018-12-01T09:02:07.040Z,"82km SSW of Sarangani, Philippines",earthquake,8.4,6.5,0.076,53,reviewed,us,us
2018-11-20T07:56:12.630Z,-9.8584,-78.5269,64.37,4.5,mb,,141,2.685,0.91,us,us1000huc2,2018-12-01T08:49:00.040Z,"47km WNW of Huarmey, Peru",earthquake,10.8,8.4,0.084,41,reviewed,us,us
2018-11-20T06:38:07.330Z,-9.8322,-78.5297,55.95,5.5,mww,,147,2.708,1.36,us,us1000hub0,2018-11-20T21:09:29.427Z,"near the coast of northern Peru",earthquake,9.1,6.3,0.068,21,reviewed,us,us
2018-11-20T05:42:28.970Z,54.437,-161.3389,35,4.7,mb,,123,1.091,1.47,us,us1000huak,2018-12-01T01:43:57.794Z,"113km SSW of Sand Point, Alaska",earthquake,7.8,2,0.05,120,reviewed,us,us
2018-11-20T02:29:02.230Z,2.6839,126.8045,58.04,5.3,mb,,81,1.98,0.93,us,us1000hu94,2018-11-20T17:08:20.040Z,"170km NW of Tobelo, Indonesia",earthquake,5.6,5.9,0.055,110,reviewed,us,us
2018-11-20T00:55:17.640Z,-6.0618,151.3303,10,5.1,mww,,26,2.035,0.7,us,us1000hu8b,2018-12-03T06:05:04.040Z,"143km ESE of Kimbe, Papua New Guinea",earthquake,4,1.8,0.093,11,reviewed,us,us
2018-11-20T00:46:31.870Z,-15.2434,-173.4211,35,5,mb,,54,4.64,0.63,us,us1000hu88,2018-11-25T06:18:55.040Z,"85km NNE of Hihifo, Tonga",earthquake,10.3,1.9,0.03,368,reviewed,us,us
2018-11-19T20:18:42.510Z,32.2065,-115.2535,10.95,4.82,mw,29,149,0.2168,0.38,ci,ci38138175,2018-12-05T23:50:31.040Z,"8km WSW of Alberto Oviedo Mota, B.C., MX",earthquake,0.79,31.61,,6,reviewed,ci,ci
2018-11-19T16:31:33.100Z,24.3858,121.9783,26.3,4.9,mb,,52,0.408,0.82,us,us1000htya,2018-11-27T19:32:29.341Z,"27km SSE of Su'ao, Taiwan",earthquake,3.4,5.3,0.149,18,reviewed,us,us
2018-11-19T16:20:50.970Z,-25.6875,179.6244,517.96,4.5,mb,,105,4.157,0.64,us,us1000hx0k,2018-11-27T19:26:01.040Z,"South of the Fiji Islands",earthquake,9,8.7,0.118,21,reviewed,us,us
2018-11-19T16:16:42.430Z,37.1323,20.7678,10,4.5,mb,,155,0.925,0.76,us,us1000hx0l,2018-11-27T18:26:33.040Z,"65km S of Lithakia, Greece",earthquake,5.8,1.9,0.139,15,reviewed,us,us
2018-11-19T13:05:56.210Z,37.282,20.6169,10.58,5.2,mww,,40,1.049,1.08,us,us1000htwc,2018-11-27T17:29:58.344Z,"51km SSW of Lithakia, Greece",earthquake,5.6,3.7,0.056,31,reviewed,us,us
2018-11-19T06:19:01.530Z,23.9951,122.5245,23.92,5,mb,,89,0.646,0.99,us,us1000htt8,2018-11-19T16:40:06.025Z,"71km SW of Yonakuni, Japan",earthquake,5.2,5.5,0.057,96,reviewed,us,us
2018-11-19T04:47:29.650Z,40.6059,22.3813,10,4.5,mb,,67,0.508,1.06,us,us1000htt1,2018-11-29T00:44:21.499Z,"2km NW of Loutros, Greece",earthquake,3.7,1.9,0.118,21,reviewed,us,us
2018-11-19T04:07:54.030Z,21.5181,94.3974,77.05,4.9,mb,,57,1.341,0.84,us,us1000htsq,2018-11-28T03:45:33.040Z,"75km WNW of Pakokku, Burma",earthquake,7.4,5.1,0.062,80,reviewed,us,us
2018-11-19T03:56:15.150Z,-14.9254,168.0837,10,5.1,mb,,60,6.662,0.88,us,us1000htsn,2018-11-28T03:21:17.040Z,"112km E of Port-Olry, Vanuatu",earthquake,9.9,1.2,0.071,64,reviewed,us,us
2018-11-19T03:37:22.100Z,-12.9118,45.4375,10,4.5,mb,,54,5.873,0.83,us,us1000htsl,2018-11-28T02:26:36.040Z,"21km SE of Pamandzi, Mayotte",earthquake,11.1,1.8,0.14,15,reviewed,us,us
2018-11-19T02:26:49.170Z,23.4678,143.2801,10,4.5,mb,,97,3.746,0.83,us,us1000htsi,2018-11-28T02:13:12.040Z,"245km SE of Iwo Jima, Japan",earthquake,9,1.8,0.097,31,reviewed,us,us
2018-11-19T01:10:25.910Z,19.6249,38.8314,10,4.5,mb,,63,7.319,0.74,us,us1000hts6,2018-11-27T23:09:23.040Z,"167km ENE of Sawakin, Sudan",earthquake,4.5,1.9,0.072,56,reviewed,us,us
2018-11-18T23:02:08.410Z,24.1937,125.2046,30.25,4.5,mwr,,76,2.019,1.14,us,us1000htrh,2018-11-19T00:57:49.040Z,"67km S of Hirara, Japan",earthquake,8.3,5.1,0.06,27,reviewed,us,us
2018-11-18T20:25:45.970Z,-17.8972,-178.9,533.6,6.7,mww,,72,2.906,1.02,us,us1000htm5,2018-11-19T18:58:10.040Z,"245km SE of Lambasa, Fiji",earthquake,10.5,6.9,0.056,31,reviewed,us,us
2018-11-18T19:48:47.810Z,-35.4258,-105.7322,10,4.8,mb,,173,8.826,1.07,us,us1000htm4,2018-11-18T21:01:51.040Z,"Southern East Pacific Rise",earthquake,15,1.9,0.064,75,reviewed,us,us
2018-11-18T19:47:44.510Z,-10.5795,163.1353,20.7,5.2,mww,,101,3.338,1.05,us,us1000htln,2018-11-20T17:20:52.040Z,"133km E of Kirakira, Solomon Islands",earthquake,7.7,4.7,0.073,18,reviewed,us,us
2018-11-18T19:18:07.470Z,-1.3154,149.7104,10,4.6,mb,,117,2.452,0.85,us,us1000htld,2018-11-18T21:09:37.040Z,"184km NW of Kavieng, Papua New Guinea",earthquake,7.4,1.9,0.114,23,reviewed,us,us
2018-11-18T16:48:38.930Z,41.749,81.5708,35,4.5,mb,,110,1.851,0.65,us,us1000htki,2018-11-25T16:22:43.040Z,"113km W of Kuqa, China",earthquake,4.2,2,0.164,11,reviewed,us,us
2018-11-18T16:37:21.590Z,-14.8872,-174.8492,9.76,4.6,mb,,108,3.131,1.15,us,us1000hvwa,2018-11-25T16:21:48.040Z,"166km NW of Hihifo, Tonga",earthquake,10.1,4.9,0.152,16,reviewed,us,us
2018-11-18T16:04:23.790Z,14.9332,-44.9834,10,5,mb,,97,12.332,0.63,us,us1000htk7,2018-11-25T16:09:59.040Z,"Northern Mid-Atlantic Ridge",earthquake,11.5,1.9,0.034,284,reviewed,us,us
2018-11-18T15:06:51.280Z,-22.434,-174.5116,10,4.7,mb,,64,5.437,1.03,us,us1000hvw9,2018-11-25T15:34:55.040Z,"130km SSE of `Ohonua, Tonga",earthquake,11,1.9,0.184,18,reviewed,us,us
2018-11-18T11:41:08.620Z,-6.3265,148.8022,51.44,4.5,mb,,116,3.464,0.78,us,us1000hvw5,2018-11-30T11:23:57.040Z,"83km W of Kandrian, Papua New Guinea",earthquake,7,9.2,0.113,23,reviewed,us,us
2018-11-18T11:36:07.900Z,76.3268,7.1779,10,4.5,mb,,117,2.757,1.31,us,us1000htjb,2018-11-30T11:19:44.040Z,"296km SW of Longyearbyen, Svalbard and Jan Mayen",earthquake,4.7,1.9,0.135,16,reviewed,us,us
2018-11-18T11:34:41.080Z,48.9046,-28.1584,10,4.7,mb,,104,11.299,0.48,us,us1000htj9,2018-11-30T11:16:01.040Z,"Northern Mid-Atlantic Ridge",earthquake,13.8,1.9,0.056,96,reviewed,us,us
2018-11-18T09:29:41.360Z,8.4876,143.6434,10,4.9,mb,,77,5.21,0.67,us,us1000hth7,2018-11-30T10:53:08.040Z,"95km W of Faraulep, Micronesia",earthquake,6.5,1.7,0.058,93,reviewed,us,us
2018-11-18T09:15:08.500Z,15.0133,-44.8257,10,4.5,mb,,176,12.49,1.19,us,us1000hvw3,2018-11-30T10:48:27.040Z,"Northern Mid-Atlantic Ridge",earthquake,11.8,1.7,0.108,25,reviewed,us,us
2018-11-18T06:06:45.460Z,37.5236,20.2782,10,4.9,mb,,65,1.356,0.85,us,us1000htfp,2018-11-18T06:28:33.040Z,"52km WSW of Mouzaki, Greece",earthquake,5.9,1.9,0.091,38,reviewed,us,us
2018-11-18T05:18:02.860Z,37.4695,20.5257,10,4.6,mb,,99,1.152,0.91,us,us1000htfa,2018-11-18T05:57:02.040Z,"38km SW of Mouzaki, Greece",earthquake,5.6,1.8,0.087,39,reviewed,us,us
2018-11-18T02:19:11.380Z,-56.7741,-25.3229,34.91,4.6,mb,,129,17.66,0.52,us,us1000hvvy,2018-11-29T04:00:02.040Z,"115km E of Visokoi Island, South Georgia and the South Sandwich Islands",earthquake,11.7,7.4,0.164,11,reviewed,us,us
2018-11-18T01:58:03.800Z,-6.3593,103.5536,36.03,4.8,mb,,83,2.072,0.9,us,us1000htdb,2018-11-29T03:49:24.040Z,"125km SSW of Biha, Indonesia",earthquake,7.8,4.4,0.103,29,reviewed,us,us
2018-11-18T01:51:22.160Z,30.7822,141.9762,10,4.8,mb,,124,2.964,0.81,us,us1000htd9,2018-11-18T02:24:53.040Z,"Izu Islands, Japan region",earthquake,9,1.9,0.095,36,reviewed,us,us
2018-11-17T22:24:52.920Z,37.4119,20.5155,10,4.5,mb,,99,1.148,1.32,us,us1000hvvd,2018-11-30T06:20:43.040Z,"43km SW of Lithakia, Greece",earthquake,3.6,1.9,0.102,28,reviewed,us,us
2018-11-17T20:33:17.580Z,37.4906,21.6694,10,4.5,mb,,75,0.372,1.26,us,us1000htan,2018-11-30T05:02:43.040Z,"1km ENE of Zakharo, Greece",earthquake,5.4,1.9,0.096,32,reviewed,us,us
2018-11-17T19:19:06.090Z,34.5709,46.2268,10,4.5,mb,,48,0.685,0.68,us,us1000ht9l,2018-11-29T06:51:42.040Z,"35km ENE of Sarpol-e Zahab, Iran",earthquake,6.4,1.9,0.066,67,reviewed,us,us
2018-11-17T18:51:54.910Z,7.6278,94.4236,18.29,4.6,mb,,45,3.459,0.93,us,us1000ht9e,2018-11-20T18:00:46.040Z,"132km ESE of Mohean, India",earthquake,7.4,3.9,0.076,52,reviewed,us,us
2018-11-17T16:43:14.560Z,-15.6658,-179.9727,10,5.2,mww,,122,2.241,1.12,us,us1000ht8c,2018-11-17T17:01:13.040Z,"107km NE of Lambasa, Fiji",earthquake,4.5,1.9,0.08,15,reviewed,us,us
2018-11-17T16:30:50.940Z,-22.3354,-174.372,10,4.9,mb,,73,5.274,1.15,us,us1000ht8h,2018-11-17T17:21:38.040Z,"126km SSE of `Ohonua, Tonga",earthquake,8.5,1.8,0.102,30,reviewed,us,us
2018-11-17T14:39:52.220Z,54.4695,168.6003,10,5.4,mww,,141,6.079,0.8,us,us1000ht6u,2018-11-20T17:30:03.040Z,"185km ESE of Nikol'skoye, Russia",earthquake,6,1.8,0.073,18,reviewed,us,us
2018-11-17T14:12:55.210Z,10.1416,-83.9845,20.44,4.7,mb,,57,0.186,1.04,us,us1000ht6l,2018-11-21T07:59:54.555Z,"17km NNE of Angeles, Costa Rica",earthquake,3.6,5.7,0.058,90,reviewed,us,us
2018-11-17T13:18:00.410Z,15.5648,-49.9959,10,5.3,mb,,31,9.574,1.38,us,us1000ht5z,2018-11-19T19:06:49.040Z,"North Atlantic Ocean",earthquake,4.9,1.8,0.024,600,reviewed,us,us
2018-11-17T12:55:39.920Z,-2.4731,-80.6183,57.62,4.8,mww,,134,1.359,0.8,us,us1000ht5t,2018-11-30T10:33:08.040Z,"31km NW of Playas, Ecuador",earthquake,8.1,6.4,0.098,10,reviewed,us,us
2018-11-17T12:08:33.230Z,-8.7515,67.5936,10,4.5,mb,,90,4.991,0.91,us,us1000hvuj,2018-11-30T09:37:40.040Z,"Mid-Indian Ridge",earthquake,13.7,1.9,0.156,12,reviewed,us,us
2018-11-17T10:41:48.830Z,0.8754,98.6156,76.1,4.7,mb,,151,1.123,0.7,us,us1000ht53,2018-11-17T10:59:42.040Z,"90km SW of Padangsidempuan, Indonesia",earthquake,4.8,7.3,0.082,46,reviewed,us,us
2018-11-17T08:56:42.380Z,7.2163,-76.721,29.25,4.5,mb,,130,3.353,0.52,us,us1000ht4m,2018-11-17T09:12:24.040Z,"25km N of Murindo, Colombia",earthquake,8.9,17.1,0.151,13,reviewed,us,us
2018-11-17T07:40:05.930Z,25.3931,141.0321,115.25,4.8,mb,,108,1.986,1.03,us,us1000ht4f,2018-11-17T07:58:15.040Z,"74km NNW of Iwo Jima, Japan",earthquake,6.2,7.3,0.097,33,reviewed,us,us
2018-11-17T03:15:06.530Z,5.6182,126.5866,56.72,4.5,mb,,160,1.755,0.7,us,us1000ht2g,2018-11-17T03:36:04.040Z,"93km SSE of Pondaguitan, Philippines",earthquake,7.9,10.3,0.121,20,reviewed,us,us
2018-11-16T21:34:57.660Z,-10.3961,163.2362,10,4.9,mb,,108,3.377,0.89,us,us1000ht09,2018-11-17T02:12:17.040Z,"144km E of Kirakira, Solomon Islands",earthquake,11.2,1.9,0.092,37,reviewed,us,us
2018-11-16T21:19:45.750Z,-10.4405,163.3024,10,4.5,mb,,115,3.451,0.63,us,us1000hszx,2018-11-17T04:20:22.040Z,"151km E of Kirakira, Solomon Islands",earthquake,12.6,1.9,0.089,37,reviewed,us,us
2018-11-16T20:16:57.560Z,28.234,58.2262,10,4.9,mb,,47,3.742,1.08,us,us1000hsxh,2018-11-17T17:55:32.515Z,"97km S of Bam, Iran",earthquake,7.5,1.8,0.054,116,reviewed,us,us
2018-11-16T17:43:34.680Z,-57.5267,-66.0603,10,4.9,mb,,95,2.744,0.87,us,us1000hst3,2018-11-17T17:34:01.040Z,"Drake Passage",earthquake,7,1.8,0.064,76,reviewed,us,us
2018-11-16T17:11:13.380Z,-10.6855,163.0583,10,5.2,mww,,52,3.304,0.86,us,us1000hssl,2018-11-20T17:50:23.040Z,"127km ESE of Kirakira, Solomon Islands",earthquake,8.7,1.8,0.071,19,reviewed,us,us
2018-11-16T14:45:51.880Z,37.2028,20.7095,10,4.7,mb,,142,0.971,1.31,us,us1000hsqa,2018-11-30T09:04:58.040Z,"58km S of Lithakia, Greece",earthquake,4.4,1.9,0.183,9,reviewed,us,us
2018-11-16T13:34:13.630Z,-62.2103,-26.0732,10,5.2,mb,,43,9.646,1.01,us,us1000hsq6,2018-11-30T08:58:36.040Z,"Southwestern Atlantic Ocean",earthquake,8.9,1.8,0.077,55,reviewed,us,us
2018-11-16T12:09:51.380Z,26.3407,143.8582,36.24,4.8,mb,,139,1.675,0.93,us,us1000hspr,2018-11-16T12:36:09.040Z,"182km ESE of Chichi-shima, Japan",earthquake,10.3,7.6,0.062,80,reviewed,us,us
2018-11-16T10:17:03.790Z,-10.476,163.3141,10,4.9,mb,,106,3.473,0.75,us,us1000hsnh,2018-11-16T10:39:27.040Z,"152km E of Kirakira, Solomon Islands",earthquake,7.4,1.9,0.051,123,reviewed,us,us
2018-11-16T09:44:07.670Z,50.0761,-179.8905,10,4.6,mb,,208,2.481,0.7,us,us1000hsn3,2018-11-27T19:10:20.509Z,"143km SSW of Amatignak Island, Alaska",earthquake,11.2,2,0.04,185,reviewed,us,us
2018-11-16T09:28:42.190Z,2.444,126.1698,72.39,4.7,mb,,104,2.047,1.13,us,us1000hsmx,2018-11-16T09:48:12.040Z,"155km NE of Bitung, Indonesia",earthquake,8.9,8.5,0.093,35,reviewed,us,us
2018-11-16T07:53:01.700Z,-57.587,-65.8883,10,5.2,mww,,96,2.833,0.76,us,us1000hsll,2018-11-16T08:08:58.040Z,"Drake Passage",earthquake,5.9,1.8,0.073,18,reviewed,us,us
2018-11-16T07:19:12.560Z,-57.5782,-65.9981,10,4.9,mb,,160,2.804,0.67,us,us1000hsl2,2018-11-16T07:35:54.040Z,"Drake Passage",earthquake,7.1,1.9,0.091,38,reviewed,us,us
2018-11-16T05:25:24.980Z,-56.7363,-25.4054,10,5,mb,,110,6.757,0.42,us,us1000hsjm,2018-11-16T05:45:00.040Z,"109km E of Visokoi Island, South Georgia and the South Sandwich Islands",earthquake,13.2,1.9,0.09,40,reviewed,us,us
2018-11-16T05:21:58.210Z,42.3844,-126.6387,10,4.5,mb,,189,1.798,1.13,us,us1000hsji,2018-11-21T06:49:03.495Z,"180km WSW of Port Orford, Oregon",earthquake,5.5,2,0.089,37,reviewed,us,us
2018-11-16T05:03:45.080Z,-10.4592,163.3469,10,4.9,mb,,144,3.499,1.48,us,us1000hsjb,2018-11-16T05:36:52.040Z,"156km E of Kirakira, Solomon Islands",earthquake,5.1,1.9,0.096,34,reviewed,us,us
2018-11-16T05:01:06.070Z,-56.6199,-25.2307,10,4.8,mb,,77,6.817,0.61,us,us1000hsjq,2018-11-16T06:06:08.040Z,"121km E of Visokoi Island, South Georgia and the South Sandwich Islands",earthquake,9.9,1.8,0.099,32,reviewed,us,us
2018-11-16T04:48:51.690Z,36.46,67.4497,13.61,5,mb,,74,1.224,1.12,us,us1000hsj6,2018-11-16T15:08:23.395Z,"34km SW of Khulm, Afghanistan",earthquake,6.1,3.6,0.061,88,reviewed,us,us
2018-11-16T04:18:14.510Z,-56.6789,-25.3526,10,5.4,mb,,83,6.768,1.15,us,us1000hsiw,2018-11-21T16:32:24.040Z,"113km E of Visokoi Island, South Georgia and the South Sandwich Islands",earthquake,11.9,1.9,0.071,68,reviewed,us,us
2018-11-16T03:33:07.640Z,-10.0905,163.7593,10,4.8,mb,,238,3.812,1.07,us,us1000hvqn,2018-11-29T01:44:51.040Z,"205km E of Kirakira, Solomon Islands",earthquake,15,2,0.176,11,reviewed,us,us
2018-11-16T03:26:55.330Z,-10.5266,163.1275,10.6,6.2,mww,,40,10.029,1.24,us,us1000hsie,2018-11-16T22:14:17.040Z,"132km E of Kirakira, Solomon Islands",earthquake,8.7,4.4,0.055,32,reviewed,us,us
2018-11-16T03:26:31.960Z,-10.7429,162.995,10,4.8,mb,,109,3.268,0.69,us,us1000hsig,2018-11-16T04:03:27.040Z,"121km ESE of Kirakira, Solomon Islands",earthquake,6.8,1.9,0.111,25,reviewed,us,us
2018-11-16T03:16:49.930Z,-10.6539,163.1805,10,4.6,mb,,143,3.405,1.24,us,us1000hvqm,2018-11-29T00:05:42.040Z,"139km E of Kirakira, Solomon Islands",earthquake,12.3,2,0.146,14,reviewed,us,us
2018-11-16T03:10:06.800Z,-56.8427,-25.6199,44.77,4.8,mb,,128,17.663,1.17,us,us1000hvr5,2018-11-28T23:39:44.040Z,"97km E of Visokoi Island, South Georgia and the South Sandwich Islands",earthquake,14.9,9.1,0.131,20,reviewed,us,us
2018-11-16T02:49:12.760Z,39.6014,141.937,49.23,4.5,mb,,137,1.361,0.69,us,us1000hsi3,2018-11-19T05:23:47.346Z,"4km SSW of Miyako, Japan",earthquake,7.3,7.5,0.108,25,reviewed,us,us
2018-11-16T01:39:09.110Z,3.0189,127.5061,10,4.5,mb,,144,2.236,1.36,us,us1000hvqg,2018-11-28T04:37:56.040Z,"153km NNW of Tobelo, Indonesia",earthquake,7.1,1.9,0.156,12,reviewed,us,us
2018-11-16T01:31:54.400Z,1.2319,126.9436,126.93,4.6,mb,,100,0.622,0.48,us,us1000hshi,2018-11-16T01:54:11.040Z,"68km NW of Kota Ternate, Indonesia",earthquake,10.2,7.7,0.103,30,reviewed,us,us
2018-11-16T01:05:30.191Z,65.5781,-166.807,8.9,4.6,ml,,,,0.86,ak,ak20363564,2018-11-29T01:23:37.801Z,"82km SSW of Shishmaref, Alaska",earthquake,,0.1,,,reviewed,ak,ak
2018-11-15T23:09:01.060Z,-56.2363,-122.0441,10,6.3,mww,,16,27.209,0.87,us,us1000hsfz,2018-12-03T05:29:31.194Z,"Southern East Pacific Rise",earthquake,10.1,1.7,0.06,27,reviewed,us,us
2018-11-15T20:07:21.430Z,-56.7757,-25.5468,10,5.2,mb,,83,6.694,1.09,us,us1000hvhq,2018-12-05T21:49:41.040Z,"101km E of Visokoi Island, South Georgia and the South Sandwich Islands",earthquake,10.4,1.8,0.083,53,reviewed,us,us
2018-11-15T20:02:22.920Z,-56.7065,-25.546,15,6.4,mww,,26,6.674,0.76,us,us1000hsaf,2018-12-05T21:33:00.406Z,"101km E of Visokoi Island, South Georgia and the South Sandwich Islands",earthquake,9.2,1.7,0.05,39,reviewed,us,us
2018-11-15T18:13:25.740Z,53.8605,-166.2834,84,4.6,mb,,144,0.131,0.84,us,us1000hs81,2018-12-05T21:26:59.642Z,"16km E of Unalaska, Alaska",earthquake,4,4.1,0.036,227,reviewed,us,us
2018-11-15T17:16:57.650Z,37.5256,20.3584,10,4.6,mb,,147,1.295,0.77,us,us1000hs73,2018-12-05T21:21:01.040Z,"46km WSW of Mouzaki, Greece",earthquake,4.6,1.8,0.136,16,reviewed,us,us
2018-11-15T17:09:48.110Z,-22.0458,170.3372,10,4.8,mb,,107,2.735,0.79,us,us1000hs6y,2018-12-05T21:17:16.040Z,"180km WNW of Ile Hunter, New Caledonia",earthquake,9.4,1.9,0.09,38,reviewed,us,us
2018-11-15T16:49:41.840Z,-56.8132,-25.6887,10,5.4,mww,,31,6.631,1.11,us,us1000hs5v,2018-11-21T16:53:41.040Z,"93km E of Visokoi Island, South Georgia and the South Sandwich Islands",earthquake,8.8,1.5,0.069,20,reviewed,us,us
2018-11-15T12:05:44.800Z,-24.7396,-175.2519,33.54,4.7,mb,,101,7.495,0.52,us,us1000hs4h,2018-11-15T13:43:49.040Z,"South of Tonga",earthquake,10,4.6,0.115,24,reviewed,us,us
2018-11-15T11:00:05.670Z,37.6488,20.4715,10,4.6,mb,,129,1.249,0.97,us,us1000hs3z,2018-11-15T11:21:29.040Z,"31km WSW of Mouzaki, Greece",earthquake,5.7,2,0.141,15,reviewed,us,us
2018-11-15T10:47:59.110Z,-18.0681,-177.7723,567.14,4.6,mb,,117,3.754,0.56,us,us1000hs3y,2018-11-15T11:10:04.040Z,"Fiji region",earthquake,15,9.7,0.111,24,reviewed,us,us
2018-11-15T09:09:25.770Z,37.4762,20.7088,10,4.7,mb,,99,1.014,0.92,us,us1000hs2u,2018-11-15T15:27:29.735Z,"28km SSW of Lithakia, Greece",earthquake,5.5,1.9,0.097,32,reviewed,us,us
2018-11-15T09:02:05.430Z,37.6168,20.7309,10,4.9,mb,,45,1.046,1.3,us,us1000hs2t,2018-11-15T09:55:28.943Z,"14km SSW of Mouzaki, Greece",earthquake,5.8,1.8,0.058,94,reviewed,us,us
2018-11-15T07:50:04.620Z,10.568,-86.0702,32.82,4.6,mb,,154,1.133,0.51,us,us1000hs2g,2018-11-21T12:50:19.240Z,"46km W of Sardinal, Costa Rica",earthquake,4,9.1,0.091,36,reviewed,us,us
2018-11-15T04:44:57.400Z,11.7364,143.6362,19.62,4.8,mb,,130,2.199,0.47,us,us1000hs18,2018-11-15T05:06:06.040Z,"203km SSW of Merizo Village, Guam",earthquake,11.1,6,0.071,61,reviewed,us,us
2018-11-15T04:31:27.520Z,6.2004,93.1503,37.04,4.5,mb,,194,3.899,0.94,us,us1000hs1b,2018-11-15T05:14:08.040Z,"196km S of Mohean, India",earthquake,7.5,9.7,0.124,19,reviewed,us,us
2018-11-15T03:55:05.180Z,-2.8535,119.4687,28.69,4.7,mb,,101,3.094,0.81,us,us1000hs0x,2018-11-15T04:06:24.040Z,"14km NE of Mamasa, Indonesia",earthquake,7.9,6.8,0.115,23,reviewed,us,us
2018-11-15T03:46:49.450Z,10.4978,-86.0944,30.8,4.5,mb,,183,1.142,0.75,us,us1000hs0v,2018-11-22T03:17:59.802Z,"48km W of Sardinal, Costa Rica",earthquake,7.9,9.3,0.06,82,reviewed,us,us
2018-11-15T01:57:41.490Z,37.4163,20.5004,10,4.6,mb,,134,1.16,0.98,us,us1000hrzs,2018-11-15T02:17:29.040Z,"44km SW of Mouzaki, Greece",earthquake,5.7,1.9,0.137,16,reviewed,us,us
2018-11-15T00:09:05.710Z,71.3029,-9.2578,10,5.2,mww,,35,4.251,0.5,us,us1000hrys,2018-11-25T06:40:59.040Z,"46km NNW of Olonkinbyen, Svalbard and Jan Mayen",earthquake,7.3,1.8,0.073,18,reviewed,us,us
2018-11-14T23:31:25.160Z,-2.9329,119.3294,10,4.9,mb,,51,2.11,0.66,us,us1000hryd,2018-11-25T05:20:56.040Z,"5km W of Mamasa, Indonesia",earthquake,4.3,1.9,0.077,52,reviewed,us,us
2018-11-14T23:10:08.180Z,-2.9814,119.4348,10,4.5,mb,,80,2.043,0.6,us,us1000hv36,2018-11-25T01:22:55.040Z,"7km SE of Mamasa, Indonesia",earthquake,6.4,1.9,0.163,11,reviewed,us,us
2018-11-14T23:01:21.720Z,-2.9046,119.3883,13.07,5.5,mww,,29,2.126,0.82,us,us1000hrxp,2018-11-25T01:16:09.024Z,"4km NNE of Mamasa, Indonesia",earthquake,6,3.3,0.046,45,reviewed,us,us
2018-11-14T21:29:38.710Z,55.726,161.9608,66.58,5.1,mb,,112,3.329,0.71,us,us1000hrvr,2018-11-24T22:50:56.040Z,"64km SSW of Ust'-Kamchatsk Staryy, Russia",earthquake,9.7,6.2,0.061,86,reviewed,us,us
2018-11-14T21:21:50.960Z,55.6324,162.0008,50.21,6.1,mww,,17,3.268,0.73,us,us1000hrv1,2018-11-24T04:17:03.721Z,"72km SSW of Ust'-Kamchatsk Staryy, Russia",earthquake,7.1,3.5,0.051,37,reviewed,us,us
2018-11-14T20:42:17.800Z,-16.8908,177.5889,10,4.6,mb,,94,0.957,1.03,us,us1000hrus,2018-11-29T00:37:45.040Z,"81km N of Lautoka, Fiji",earthquake,5.2,1.9,0.104,28,reviewed,us,us
2018-11-14T20:06:09.420Z,-23.5639,-177.7617,245.48,4.8,mb,,87,5.66,0.91,us,us1000hrt8,2018-11-29T00:32:49.040Z,"South of the Fiji Islands",earthquake,6.8,8,0.053,112,reviewed,us,us
2018-11-14T18:56:24.800Z,-60.4493,-26.7037,10,5,mb,,152,8.127,0.62,us,us1000hrsc,2018-11-29T00:28:30.040Z,"158km S of Bristol Island, South Sandwich Islands",earthquake,15.5,1.9,0.092,41,reviewed,us,us
2018-11-14T18:47:20.550Z,43.8533,94.1723,10,4.5,mb,,58,8.872,0.56,us,us1000hrrq,2018-11-29T00:27:49.040Z,"103km SW of Bayan-Ovoo, Mongolia",earthquake,6.5,1.9,0.078,48,reviewed,us,us
2018-11-14T18:26:56.430Z,11.0925,140.6754,10,5.2,mb,,45,4.789,0.8,us,us1000hrri,2018-11-29T00:27:16.040Z,"147km N of Fais, Micronesia",earthquake,9,1.8,0.035,268,reviewed,us,us
2018-11-14T17:57:28.570Z,-20.3491,-177.5757,513.82,4.6,mb,,99,4.879,1.03,us,us1000hv2w,2018-12-04T20:07:14.040Z,"121km ENE of Ndoi Island, Fiji",earthquake,11.8,6.5,0.069,63,reviewed,us,us
2018-11-14T17:32:38.670Z,51.1404,157.4127,72.54,4.5,mb,,163,1.978,0.57,us,us1000hrpg,2018-11-29T00:25:33.040Z,"74km ESE of Ozernovskiy, Russia",earthquake,11.6,8.8,0.079,47,reviewed,us,us
2018-11-14T17:23:31.720Z,-9.0392,115.4621,68.09,5,mb,,48,1.413,1.01,us,us1000hrpc,2018-11-29T00:25:14.112Z,"38km SE of Bualu, Indonesia",earthquake,6.2,4.9,0.069,68,reviewed,us,us
2018-11-14T17:21:07.090Z,-46.882,-10.6492,10,4.8,mb,,109,25.139,0.73,us,us1000hv2v,2018-12-03T18:24:13.040Z,"Southern Mid-Atlantic Ridge",earthquake,7.7,1.8,0.109,38,reviewed,us,us
2018-11-14T17:10:48.120Z,34.0148,83.9006,11.97,4.5,mb,,75,6.533,0.65,us,us1000hrp8,2018-11-29T00:22:28.040Z,"195km N of Luring, China",earthquake,7.4,3.5,0.087,39,reviewed,us,us
2018-11-14T15:53:35.280Z,12.7917,143.6979,102.01,4.5,mb,,92,1.388,0.57,us,us1000hv2q,2018-11-27T02:50:27.040Z,"117km WSW of Merizo Village, Guam",earthquake,10.9,6.9,0.079,47,reviewed,us,us
2018-11-14T10:07:30.980Z,42.6765,141.9846,35,4.8,mb,,75,1.092,0.61,us,us1000hrjc,2018-11-14T11:03:03.312Z,"31km E of Tomakomai, Japan",earthquake,5.5,1.9,0.04,193,reviewed,us,us
2018-11-14T04:09:41.120Z,34.7663,139.9805,105.5,5,mb,,97,1.483,0.71,us,us1000hrh4,2018-11-15T22:08:18.906Z,"26km SSE of Tateyama, Japan",earthquake,6.3,6.8,0.107,28,reviewed,us,us
2018-11-14T01:13:33.210Z,37.6567,20.3005,10,4.5,mb,,129,2.09,0.93,us,us1000hrgj,2018-11-28T23:29:07.040Z,"45km WSW of Katastarion, Greece",earthquake,6.5,1.9,0.131,17,reviewed,us,us
2018-11-14T00:10:33.100Z,19.6256,-65.084,85,4.9,mb,29,224,1.653,0.76,pr,pr2018318000,2018-11-26T01:50:24.040Z,"143km N of Charlotte Amalie, U.S. Virgin Islands",earthquake,5.89,14.52,0.35,22,reviewed,pr,pr
2018-11-13T21:09:33.230Z,45.2679,150.481,54.13,4.8,mb,,129,5.628,0.75,us,us1000hrde,2018-11-23T06:08:26.040Z,"203km E of Kuril'sk, Russia",earthquake,10,5.7,0.059,89,reviewed,us,us
2018-11-13T20:00:39.220Z,35.5945,69.7322,108.73,4.8,mb,,93,2.352,0.78,us,us1000hrch,2018-11-18T22:04:45.963Z,"36km NNE of Bazarak, Afghanistan",earthquake,8,6.4,0.067,69,reviewed,us,us
2018-11-13T19:04:08.270Z,-1.8439,120.9216,29.2,4.5,mb,,77,2.013,1.13,us,us1000hrc5,2018-11-14T19:40:15.040Z,"36km NE of Pendolo, Indonesia",earthquake,5.6,7,0.106,26,reviewed,us,us
2018-11-13T17:33:30.380Z,14.1877,125.2526,10,5,mb,,103,7.08,0.79,us,us1000hrbd,2018-11-14T19:09:15.040Z,"103km ENE of Gigmoto, Philippines",earthquake,3.1,1.9,0.054,113,reviewed,us,us
2018-11-13T13:47:50.980Z,41.9723,19.2987,10,4.8,mb,,28,0.448,0.99,us,us1000hr9x,2018-11-21T15:02:25.704Z,"7km NE of Ulcinj, Montenegro",earthquake,5.2,1.9,0.071,62,reviewed,us,us
2018-11-13T09:06:12.710Z,71.3673,-9.0965,10,4.6,mb,,57,4.309,1.2,us,us1000hr7y,2018-11-13T09:30:56.040Z,"51km NNW of Olonkinbyen, Svalbard and Jan Mayen",earthquake,7,1.9,0.122,20,reviewed,us,us
2018-11-13T07:34:03.150Z,-4.6688,137.0973,10,5.3,mb,,88,5.14,0.85,us,us1000hr79,2018-11-30T08:25:17.891Z,"117km SE of Enarotali, Indonesia",earthquake,9.4,1.9,0.068,73,reviewed,us,us
2018-11-13T07:14:41.080Z,15.4368,146.1881,57.23,4.8,mb,,150,2.237,0.5,us,us1000huuq,2018-11-30T08:15:26.040Z,"52km ENE of Saipan, Northern Mariana Islands",earthquake,6.4,8.8,0.087,41,reviewed,us,us
2018-11-13T07:01:38.690Z,-16.9635,167.5523,35,4.5,mb,,190,4.722,0.67,us,us1000huup,2018-11-30T08:03:58.040Z,"94km S of Lakatoro, Vanuatu",earthquake,6.2,2,0.136,16,reviewed,us,us
2018-11-12T23:37:54.980Z,-11.1768,163.446,10,4.5,mb,,229,3.851,1.16,us,us1000hudy,2018-11-22T02:28:37.040Z,"184km ESE of Kirakira, Solomon Islands",earthquake,7.8,2,0.157,12,reviewed,us,us
2018-11-12T22:37:27.530Z,-3.076,-103.3972,10,5.6,mww,,37,21.055,0.95,us,us1000hr1c,2018-11-21T03:17:00.357Z,"Central East Pacific Rise",earthquake,12.3,1.8,0.059,28,reviewed,us,us
2018-11-12T20:38:58.880Z,-1.7631,120.4711,10,4.7,mb,,64,2.408,1.07,us,us1000hqz2,2018-11-29T00:10:08.040Z,"41km NW of Pendolo, Indonesia",earthquake,6.6,1.9,0.079,49,reviewed,us,us
2018-11-12T19:55:49.210Z,-5.2688,146.2407,160,4.7,mb,,64,3.395,0.81,us,us1000hqyd,2018-11-28T16:58:16.040Z,"49km E of Madang, Papua New Guinea",earthquake,9.5,7.4,0.059,89,reviewed,us,us
2018-11-12T18:29:14.380Z,-21.083,-68.9502,113.09,4.5,mb,,53,0.503,0.74,us,us1000hqvz,2018-11-28T16:45:03.040Z,"153km N of Calama, Chile",earthquake,5.7,5.3,0.075,52,reviewed,us,us
2018-11-12T17:53:44.890Z,-18.6516,-175.3991,198.67,5,mb,,78,5.047,0.9,us,us1000hqvr,2018-11-27T23:45:11.040Z,"149km W of Neiafu, Tonga",earthquake,12,8.3,0.097,34,reviewed,us,us
2018-11-12T15:19:24.270Z,-42.4803,-16.1525,10,4.5,mb,,159,36.296,0.66,us,us1000hudx,2018-11-20T14:48:18.040Z,"southern Mid-Atlantic Ridge",earthquake,12.4,2,0.242,6,reviewed,us,us
2018-11-12T14:55:02.800Z,6.2725,123.8028,35,4.7,mb,,54,1.934,0.8,us,us1000hqu6,2018-11-20T14:35:29.040Z,"34km WSW of Sangay, Philippines",earthquake,2.3,2,0.089,38,reviewed,us,us
2018-11-12T14:49:14.390Z,6.2533,123.7598,24.4,4.8,mb,,63,1.98,0.71,us,us1000hqu5,2018-11-20T14:33:46.040Z,"37km SW of Sangay, Philippines",earthquake,6.8,6.4,0.092,36,reviewed,us,us
2018-11-12T14:12:21.040Z,13.1132,-90.3224,35,4.5,mb,,185,1.205,0.94,us,us1000hqtw,2018-11-20T14:32:41.040Z,"78km SW of Acajutla, El Salvador",earthquake,7.1,2,0.057,91,reviewed,us,us
2018-11-12T09:47:34.810Z,71.4431,13.515,10,4.6,mb,,47,4.452,1.06,us,us1000hqsc,2018-11-12T10:14:32.040Z,"256km NNW of Andenes, Norway",earthquake,7.3,1.8,0.067,66,reviewed,us,us
2018-11-12T06:50:28.660Z,37.3507,20.5669,10,4.8,mwr,,44,2.173,0.99,us,us1000hqrp,2018-11-12T07:30:19.040Z,"46km SSW of Lithakia, Greece",earthquake,6.5,1.9,0.093,11,reviewed,us,us
2018-11-12T06:32:14.550Z,37.4135,20.5744,10,4.6,mb,,79,2.121,0.63,us,us1000hqri,2018-11-12T08:10:41.040Z,"40km SW of Lithakia, Greece",earthquake,6.5,1.9,0.1,30,reviewed,us,us
2018-11-12T03:49:28.380Z,-15.6139,-173.7539,55.37,4.5,mb,,78,2.555,0.54,us,us1000hudh,2018-11-21T02:45:45.040Z,"37km N of Hihifo, Tonga",earthquake,11.6,7,0.106,26,reviewed,us,us
2018-11-12T01:44:52.130Z,42.9554,139.2679,8.66,4.5,mb,,94,2.546,0.62,us,us1000hude,2018-11-21T01:18:05.040Z,"101km W of Iwanai, Japan",earthquake,7.1,3,0.086,40,reviewed,us,us
2018-11-12T00:20:37.520Z,-24.4763,70.3817,10,4.8,mb,,173,8.019,0.89,us,us1000hqpe,2018-11-16T05:07:50.040Z,"Mid-Indian Ridge",earthquake,14.4,1.9,0.088,40,reviewed,us,us
2018-11-12T00:14:05.780Z,-26.0793,70.7823,10,4.7,mb,,85,9.286,0.54,us,us1000hudb,2018-11-22T02:14:52.040Z,"Indian Ocean Triple Junction",earthquake,7,1.9,0.11,25,reviewed,us,us
2018-11-11T23:38:35.760Z,37.7512,20.5139,10,4.8,mwr,,45,1.912,0.89,us,us1000hqnt,2018-11-19T01:48:19.941Z,"24km WSW of Katastarion, Greece",earthquake,3.9,1.8,0.083,14,reviewed,us,us
2018-11-11T22:03:31.550Z,37.6287,20.4119,10,4.6,mb,,98,2.054,1.02,us,us1000hqnf,2018-11-12T05:39:23.381Z,"37km WSW of Mouzaki, Greece",earthquake,2.6,1.9,0.146,14,reviewed,us,us
2018-11-11T19:42:10.100Z,-22.6514,-174.8216,10,5.1,mb,,72,8.281,1.39,us,us1000hqmx,2018-11-11T20:32:46.040Z,"146km S of `Ohonua, Tonga",earthquake,11.2,1.8,0.093,38,reviewed,us,us
2018-11-11T16:55:35.320Z,-22.9189,-66.4026,222.46,4.7,mb,,30,1.637,0.85,us,us1000hqlg,2018-11-18T19:57:28.040Z,"75km WSW of Abra Pampa, Argentina",earthquake,7.6,5.6,0.036,232,reviewed,us,us
2018-11-11T15:56:56.940Z,-20.1124,66.2366,10,5.1,mb,,53,2.72,0.85,us,us1000hql9,2018-11-18T19:24:15.040Z,"298km E of Ile Rodrigues, Mauritius",earthquake,4.3,1.8,0.069,69,reviewed,us,us
2018-11-11T15:35:24.740Z,-35.7251,-179.5306,41.84,4.9,mb,,163,2.527,0.8,us,us1000hql4,2018-11-18T16:38:56.040Z,"East of the North Island of New Zealand",earthquake,10.7,7.7,0.125,25,reviewed,us,us
2018-11-11T14:03:59.560Z,15.5653,-49.8719,10,6.3,mww,,50,9.69,0.65,us,us1000hqkp,2018-11-18T15:50:46.028Z,"North Atlantic Ocean",earthquake,9.2,1.9,0.048,42,reviewed,us,us
2018-11-11T10:54:25.720Z,12.3518,144.4034,10,4.5,mb,,147,1.31,0.76,us,us1000hsuu,2018-11-20T09:23:44.040Z,"105km SSW of Merizo Village, Guam",earthquake,13.8,1.9,0.113,23,reviewed,us,us
2018-11-11T08:26:37.930Z,31.4232,141.8762,10,4.9,mb,,123,2.428,0.95,us,us1000hqjj,2018-11-11T08:42:08.040Z,"268km SE of Hachijo-jima, Japan",earthquake,7.9,1.9,0.087,42,reviewed,us,us
2018-11-11T07:13:38.800Z,1.5075,127.1574,123.61,5.5,mb,,71,0.76,0.85,us,us1000hqj1,2018-11-15T09:07:39.554Z,"82km NNW of Ternate, Indonesia",earthquake,7.3,6,0.057,108,reviewed,us,us
2018-11-11T07:07:31.780Z,29.9028,80.6507,10,4.5,mb,,116,5.736,0.96,us,us1000hqj0,2018-11-11T08:31:19.798Z,"12km ENE of Dharchula, India",earthquake,9.9,1.9,0.097,31,reviewed,us,us
2018-11-11T06:47:45.290Z,-10.4409,66.3088,10,4.9,mb,,66,12.166,0.96,us,us1000hqiy,2018-11-11T07:04:46.040Z,"Mid-Indian Ridge",earthquake,11.5,1.9,0.076,54,reviewed,us,us
2018-11-11T01:50:00.770Z,49.5372,155.8279,42.08,4.6,mb,,171,3.763,0.96,us,us1000hqhl,2018-11-11T02:16:10.040Z,"128km S of Severo-Kuril'sk, Russia",earthquake,11.9,9.2,0.081,46,reviewed,us,us
2018-11-11T00:53:14.890Z,-5.7521,153.3152,10,4.5,mb,,121,1.928,0.5,us,us1000hsuh,2018-11-17T03:40:41.040Z,"145km SSE of Taron, Papua New Guinea",earthquake,9.1,1.9,0.124,19,reviewed,us,us
2018-11-11T00:28:04.150Z,-18.5582,-173.1644,10,5.1,mb,,76,6.362,1.11,us,us1000hqh3,2018-11-23T05:17:07.040Z,"87km E of Neiafu, Tonga",earthquake,10.4,1.8,0.075,58,reviewed,us,us
2018-11-10T18:33:51.700Z,13.2514,51.358,10,4.6,mb,,34,8.489,0.91,us,us1000hqct,2018-11-14T17:53:00.040Z,"151km NW of Kilmia, Yemen",earthquake,8.4,1.9,0.061,85,reviewed,us,us
2018-11-10T17:15:46.550Z,23.9634,93.3951,51.07,5.2,mww,,50,0.868,0.67,us,us1000hqbh,2018-11-14T15:22:31.447Z,"49km SW of Churachandpur, India",earthquake,5,5.3,0.078,16,reviewed,us,us
2018-11-10T16:25:45.110Z,17.5996,-61.1222,21.48,4.5,mwr,,219,0.636,1.16,us,us1000hqas,2018-11-10T19:27:54.327Z,"73km E of Codrington, Barbuda",earthquake,5.8,8.1,0.053,34,reviewed,us,us
2018-11-10T16:05:14.530Z,-1.8633,138.7956,32.45,5.1,mb,,116,6.624,1.28,us,us1000hqal,2018-11-10T16:22:32.040Z,"216km WNW of Abepura, Indonesia",earthquake,8.2,5.4,0.092,38,reviewed,us,us
2018-11-10T12:57:12.580Z,-18.1,-178.0287,556.48,4.9,mb,,47,3.747,1.09,us,us1000hq9w,2018-11-20T09:00:26.040Z,"290km NNE of Ndoi Island, Fiji",earthquake,11.9,6.6,0.073,59,reviewed,us,us
2018-11-10T12:41:21.480Z,23.4413,143.2726,35,4.6,mb,,122,3.769,0.72,us,us1000hstw,2018-11-20T08:57:14.040Z,"246km SE of Iwo Jima, Japan",earthquake,2.9,2,0.077,50,reviewed,us,us
2018-11-10T10:06:41.090Z,-37.3449,-94.5142,10,4.6,mb,,70,16.18,0.76,us,us1000hq8w,2018-11-10T10:57:31.040Z,"West Chile Rise",earthquake,6.9,1.8,0.06,82,reviewed,us,us
2018-11-10T08:33:21.140Z,-20.4538,-174.0081,35,6.1,mww,,84,4.08,1.26,us,us1000hq85,2018-12-06T08:55:06.969Z,"98km SE of Pangai, Tonga",earthquake,8.4,1.9,0.063,24,reviewed,us,us
2018-11-10T08:02:16.700Z,-5.812,151.7214,51,5.5,mww,,56,1.669,0.77,us,us1000hq7w,2018-12-06T08:24:04.034Z,"171km SSW of Kokopo, Papua New Guinea",earthquake,7.3,1.9,0.065,23,reviewed,us,us
2018-11-10T07:53:37.130Z,-24.0938,-68.976,96.25,4.7,mb,,75,0.991,1.12,us,us1000hq7j,2018-12-06T08:16:03.040Z,"151km SSW of San Pedro de Atacama, Chile",earthquake,6.4,7.1,0.08,47,reviewed,us,us
2018-11-10T07:17:52.450Z,0.827,-29.7286,10,5.3,mb,,52,9.037,0.81,us,us1000hq76,2018-12-06T07:36:41.040Z,"Central Mid-Atlantic Ridge",earthquake,9,1.8,0.05,136,reviewed,us,us
2018-11-10T06:05:34.170Z,-12.6645,167.0989,223.82,4.6,mb,,111,8.292,0.78,us,us1000hstm,2018-12-06T07:27:23.040Z,"Santa Cruz Islands",earthquake,13.3,7.6,0.068,65,reviewed,us,us
2018-11-10T05:20:57.530Z,11.3805,-87.1317,10,4.6,mb,,150,1.153,0.74,us,us1000hq68,2018-12-06T07:14:22.647Z,"80km SW of Masachapa, Nicaragua",earthquake,7.7,1.9,0.059,87,reviewed,us,us
2018-11-10T03:14:33.210Z,22.7008,142.9893,158.66,4.7,mb,,106,4.436,1.28,us,us1000hq5i,2018-11-10T03:35:06.040Z,"285km SE of Iwo Jima, Japan",earthquake,11.2,8.5,0.061,81,reviewed,us,us
2018-11-10T02:31:52.190Z,37.5028,20.376,10,4.6,mb,,132,2.162,1.53,us,us1000hq57,2018-11-10T03:36:49.040Z,"46km WSW of Mouzaki, Greece",earthquake,6.6,2,0.158,12,reviewed,us,us
2018-11-10T02:13:38.940Z,37.5613,20.4555,10,4.6,mb,,131,2.076,1.41,us,us1000hq4n,2018-12-05T06:18:30.040Z,"37km WSW of Mouzaki, Greece",earthquake,3.9,2,0.172,10,reviewed,us,us
2018-11-10T01:58:46.850Z,-0.8292,123.4588,10,4.7,mb,,74,0.718,1.37,us,us1000hq4m,2018-12-05T06:04:32.040Z,"75km E of Luwuk, Indonesia",earthquake,5.8,1.9,0.117,27,reviewed,us,us
2018-11-10T00:36:51.580Z,-23.5727,-66.7764,199.29,4.5,mb,,37,1.43,0.86,us,us1000hq44,2018-11-19T01:42:46.040Z,"85km NNW of San Antonio de los Cobres, Argentina",earthquake,8.6,9.4,0.139,15,reviewed,us,us
2018-11-09T23:41:08.750Z,-11.3128,166.3151,67.1,4.8,mb,,97,6.535,0.79,us,us1000hq3a,2018-11-19T01:37:42.040Z,"84km SE of Lata, Solomon Islands",earthquake,8.8,5.2,0.047,141,reviewed,us,us
2018-11-09T23:37:51.880Z,-5.9098,128.8191,308.05,4.7,mb,,53,3.209,0.8,us,us1000hq36,2018-11-19T01:25:02.040Z,"252km SSE of Amahusu, Indonesia",earthquake,3.2,9.1,0.071,59,reviewed,us,us
2018-11-09T19:57:04.780Z,37.312,20.5603,10,4.6,mb,,149,2.206,3.01,us,us1000hpyz,2018-11-10T17:37:37.040Z,"50km SSW of Lithakia, Greece",earthquake,7.5,1.9,0.146,16,reviewed,us,us
2018-11-09T19:12:39.660Z,2.6766,128.2215,67.46,4.9,mb,,45,2.076,0.9,us,us1000hpxz,2018-11-10T16:32:29.040Z,"107km NNE of Tobelo, Indonesia",earthquake,7.2,7.6,0.066,71,reviewed,us,us
2018-11-09T18:54:10.180Z,-30.628,-71.7155,25.75,5.2,mww,,114,0.083,0.8,us,us1000hpxh,2018-11-11T01:50:47.335Z,"49km W of Ovalle, Chile",earthquake,5.2,3.1,0.08,15,reviewed,us,us
2018-11-09T18:19:01.000Z,31.4465,141.757,10,4.7,mb,,138,2.34,0.64,us,us1000hpwx,2018-11-10T15:47:55.040Z,"258km SE of Hachijo-jima, Japan",earthquake,7,1.9,0.068,65,reviewed,us,us
2018-11-09T18:08:35.420Z,31.4081,141.6164,7.65,4.9,mb,,89,2.286,0.92,us,us1000hpwj,2018-11-10T15:37:39.040Z,"252km SE of Hachijo-jima, Japan",earthquake,6.7,4.7,0.046,145,reviewed,us,us
2018-11-09T17:53:00.560Z,37.5554,20.3253,10,4.5,mb,,131,2.155,1.01,us,us1000hpw6,2018-11-10T15:19:53.040Z,"47km WSW of Mouzaki, Greece",earthquake,6.9,1.9,0.121,20,reviewed,us,us
2018-11-09T16:09:01.650Z,44.7104,145.6708,22.35,4.7,mb,,134,2.283,0.67,us,us1000hptn,2018-11-09T17:02:14.040Z,"72km NNW of Otrada, Russia",earthquake,8.2,6.1,0.058,90,reviewed,us,us
2018-11-09T15:15:42.520Z,-27.9802,-66.5876,164.12,4.7,mb,,48,3.254,0.75,us,us1000hps3,2018-11-09T15:27:49.040Z,"51km SSW of Andalgala, Argentina",earthquake,8.5,6.9,0.159,12,reviewed,us,us
2018-11-09T14:41:28.430Z,-56.1229,-27.4995,80.02,4.7,mb,,126,5.467,0.72,us,us1000hpqq,2018-11-20T08:39:19.040Z,"68km NNW of Visokoi Island, South Georgia and the South Sandwich Islands",earthquake,10.5,6.6,0.099,31,reviewed,us,us
2018-11-09T14:33:51.830Z,25.9824,-110.4898,10,4.9,mb,,153,2.339,1.06,us,us1000hpq9,2018-11-20T08:37:10.192Z,"91km E of Loreto, Mexico",earthquake,8.2,1.9,0.048,136,reviewed,us,us
2018-11-09T10:13:01.750Z,1.8071,126.645,61.87,4.6,mb,,166,1.256,0.97,us,us1000hpmw,2018-11-09T10:34:56.040Z,"138km NW of Kota Ternate, Indonesia",earthquake,10,10.4,0.111,24,reviewed,us,us
2018-11-09T09:20:31.610Z,8.7301,-83.2474,10,5.3,mwr,,109,0.325,1.13,us,us1000hpmp,2018-11-13T22:53:18.040Z,"13km NW of Golfito, Costa Rica",earthquake,5.6,1.9,0.065,23,reviewed,us,us
2018-11-09T07:57:37.960Z,-42.5766,-15.8062,10,5,mb,,104,6.122,0.78,us,us1000hsqy,2018-11-29T07:47:45.040Z,"Tristan da Cunha region",earthquake,13.1,1.9,0.151,14,reviewed,us,us
2018-11-09T07:54:52.560Z,-42.713,-16.0205,10,5.7,mww,,70,6.316,0.82,us,us1000hple,2018-11-29T07:40:51.862Z,"Southern Mid-Atlantic Ridge",earthquake,10.1,1.8,0.075,17,reviewed,us,us
2018-11-09T07:44:51.720Z,-22.7156,-67.7195,169.88,4.5,mb,,53,0.484,1.01,us,us1000hpl5,2018-11-29T07:23:23.040Z,"55km ENE of San Pedro de Atacama, Chile",earthquake,10.4,8.2,0.22,6,reviewed,us,us
2018-11-09T07:39:16.730Z,-42.5965,-16.1562,10,5.5,mb,,84,6.262,0.91,us,us1000hpl6,2018-11-29T07:23:17.801Z,"Southern Mid-Atlantic Ridge",earthquake,9.5,1.8,0.064,84,reviewed,us,us
2018-11-09T06:17:23.520Z,-42.5699,-15.5938,10,4.9,mb,,84,6.046,1.34,us,us1000hpl0,2018-11-29T07:49:24.040Z,"Tristan da Cunha region",earthquake,10,1.8,0.103,30,reviewed,us,us
2018-11-09T06:06:31.330Z,12.2866,144.6925,10,4.5,mb,,102,1.306,0.72,us,us1000hsqq,2018-11-29T07:04:49.040Z,"108km S of Merizo Village, Guam",earthquake,10.3,1.7,0.121,20,reviewed,us,us
2018-11-09T02:25:45.440Z,-47.3279,-13.2646,10,4.8,mb,,77,24.908,0.98,us,us1000hsql,2018-12-05T05:01:21.040Z,"Southern Mid-Atlantic Ridge",earthquake,14.3,1.9,0.119,22,reviewed,us,us
2018-11-09T01:49:40.060Z,71.6264,-11.2502,10,6.7,mww,,19,7.848,0.97,us,us1000hpim,2018-12-05T04:19:22.929Z,"120km NW of Olonkinbyen, Svalbard and Jan Mayen",earthquake,4.5,1.8,0.034,81,reviewed,us,us
2018-11-08T23:05:36.690Z,40.7338,142.5527,46.17,4.5,mb,,124,1.131,0.59,us,us1000hphe,2018-11-19T00:16:21.977Z,"92km ENE of Hachinohe, Japan",earthquake,6.5,6.5,0.059,84,reviewed,us,us
2018-11-08T21:07:01.460Z,-34.3508,116.8388,10,5.2,mww,,61,1.458,0.97,us,us1000hpej,2018-11-24T06:39:45.251Z,"64km ESE of Manjimup, Australia",earthquake,8.7,1.8,0.089,12,reviewed,us,us
2018-11-08T19:18:38.730Z,-35.7627,179.9851,10,4.5,mb,,153,2.246,0.74,us,us1000hs6h,2018-11-27T21:54:40.040Z,"Off the east coast of the North Island of New Zealand",earthquake,14.7,1.9,0.163,11,reviewed,us,us
2018-11-08T18:42:54.110Z,-2.8147,119.5045,10,4.6,mb,,100,2.198,0.77,us,us1000hpc2,2018-11-26T17:28:53.040Z,"19km NE of Mamasa, Indonesia",earthquake,8.7,1.9,0.087,40,reviewed,us,us
2018-11-08T16:07:54.130Z,-57.5584,-66.0139,10,4.9,mb,,127,2.783,0.74,us,us1000hpan,2018-11-09T15:32:25.449Z,"Drake Passage",earthquake,7.9,1.8,0.08,51,reviewed,us,us
2018-11-08T15:01:07.610Z,37.6666,70.2368,12.8,4.6,mb,,46,0.603,0.95,us,us1000hp9v,2018-11-13T20:15:58.077Z,"47km E of Chubek, Tajikistan",earthquake,2.9,4.7,0.096,37,reviewed,us,us
2018-11-08T14:46:17.770Z,11.4445,139.0743,48.92,4.7,mb,,174,15.733,1.38,us,us1000hp9t,2018-11-08T15:01:33.040Z,"225km NNE of Rumung, Micronesia",earthquake,14.6,11.2,0.106,27,reviewed,us,us
2018-11-08T13:40:16.490Z,-2.921,119.4183,21.27,5.2,mb,,56,2.105,1.14,us,us1000hp94,2018-11-08T13:52:55.040Z,"5km ENE of Mamasa, Indonesia",earthquake,6.2,5.6,0.09,40,reviewed,us,us
2018-11-08T09:02:48.300Z,-15.2742,-173.305,18.53,5,mb,,61,2.007,0.95,us,us1000hp6t,2018-11-08T09:22:05.040Z,"88km NNE of Hihifo, Tonga",earthquake,9.2,4.6,0.039,205,reviewed,us,us
2018-11-08T08:30:17.430Z,2.3144,127.1963,35.7,4.5,mb,,121,1.541,0.43,us,us1000hp6j,2018-11-29T06:48:16.040Z,"111km NW of Tobelo, Indonesia",earthquake,9.4,10.1,0.102,30,reviewed,us,us
2018-11-08T08:16:13.370Z,-27.8401,-71.2091,21.79,4.6,mb,,141,0.382,0.66,us,us1000hp6b,2018-11-29T06:43:27.040Z,"92km NNW of Vallenar, Chile",earthquake,5.2,5.9,0.109,25,reviewed,us,us
2018-11-08T01:18:39.030Z,-21.0225,-178.4135,549.4,4.9,mb,,95,4.664,0.71,us,us1000hp3t,2018-11-08T01:29:36.040Z,"50km SE of Ndoi Island, Fiji",earthquake,13.4,13.3,0.145,15,reviewed,us,us
2018-11-08T00:56:32.430Z,-23.4102,179.5288,544.8,4.5,mb,,91,5.803,0.79,us,us1000hp3e,2018-11-23T04:34:25.040Z,"South of the Fiji Islands",earthquake,11.3,7.2,0.07,60,reviewed,us,us
2018-11-07T21:05:11.990Z,22.8607,122.5433,18.57,4.8,mww,,98,1.263,0.71,us,us1000hnz2,2018-11-23T03:08:15.040Z,"144km E of Taitung City, Taiwan",earthquake,5.3,4.5,0.069,20,reviewed,us,us
2018-11-07T18:36:11.490Z,-8.0784,116.7936,10,4.8,mb,,65,2.643,0.94,us,us1000hnvh,2018-11-16T00:45:28.040Z,"31km NE of Belanting, Indonesia",earthquake,5,1.9,0.105,28,reviewed,us,us
2018-11-07T18:31:24.260Z,-5.7946,148.5115,105.08,4.5,mb,,85,3.828,0.57,us,us1000hrqj,2018-11-26T13:38:01.040Z,"114km NE of Finschhafen, Papua New Guinea",earthquake,8.4,5.3,0.104,27,reviewed,us,us
2018-11-07T17:32:53.600Z,11.9728,-86.8015,66.79,4.6,mb,,123,0.568,0.87,us,us2000i848,2018-11-16T00:48:43.040Z,"32km W of Carlos Fonseca Amador, Nicaragua",earthquake,6.4,7.8,0.05,120,reviewed,us,us
2018-11-07T17:27:47.860Z,44.1128,82.5453,10,4.5,mb,,59,2.687,0.98,us,us2000i841,2018-11-16T00:47:45.040Z,"107km ENE of Yining Xian, China",earthquake,2.6,1.9,0.091,36,reviewed,us,us
2018-11-07T15:11:48.130Z,-20.5939,-177.863,540.86,4.5,mb,,92,4.788,0.71,us,us1000hrqi,2018-11-20T04:09:28.040Z,"87km E of Ndoi Island, Fiji",earthquake,13.7,9.3,0.092,35,reviewed,us,us
2018-11-07T14:57:06.720Z,5.3566,126.9267,59.99,4.7,mb,,109,2.166,0.76,us,us2000i81z,2018-11-29T06:26:17.040Z,"138km SE of Pondaguitan, Philippines",earthquake,8.3,8,0.074,55,reviewed,us,us
2018-11-07T13:56:45.540Z,-26.7321,67.4447,10,4.7,mb,,70,18.504,0.66,us,us1000hrqe,2018-11-29T06:21:41.040Z,"Indian Ocean Triple Junction",earthquake,14,1.9,0.106,27,reviewed,us,us
2018-11-07T12:57:47.910Z,-55.6789,-26.8666,10,4.7,mb,,81,5.714,0.59,us,us2000i7zw,2018-12-02T12:34:06.040Z,"115km N of Visokoi Island, South Georgia and the South Sandwich Islands",earthquake,6.9,1.9,0.085,42,reviewed,us,us
2018-11-07T11:35:26.230Z,48.068,-27.7808,10,4.7,mb,,110,10.43,0.38,us,us2000i7yv,2018-11-07T13:27:08.040Z,"Northern Mid-Atlantic Ridge",earthquake,11.6,1.9,0.05,122,reviewed,us,us
2018-11-07T10:21:33.540Z,13.0038,-90.5287,10,4.7,mb,,139,1.433,0.76,us,us2000i7xq,2018-12-02T07:14:38.040Z,"100km SW of Acajutla, El Salvador",earthquake,7,1.9,0.029,373,reviewed,us,us
2018-11-07T09:42:25.930Z,-2.9201,119.4083,8.97,5.2,mww,,40,2.108,1.12,us,us2000i7x0,2018-11-30T09:12:02.295Z,"4km NE of Mamasa, Indonesia",earthquake,5.8,3.7,0.048,42,reviewed,us,us
2018-11-07T06:04:23.770Z,-12.8096,45.4355,10,4.9,mb,,49,6.409,0.82,us,us2000i7u5,2018-11-07T06:20:35.718Z,"16km E of Pamandzi, Mayotte",earthquake,9,1.9,0.099,32,reviewed,us,us
2018-11-06T21:22:55.750Z,-45.534,-76.7622,10,5.3,mww,,140,2.661,0.73,us,us2000i7qy,2018-11-23T01:57:38.040Z,"Off the coast of Aisen, Chile",earthquake,8.6,1.8,0.075,17,reviewed,us,us
2018-11-06T20:30:18.370Z,-7.2243,123.86,486.55,4.7,mb,,30,2.132,0.92,us,us2000i7pt,2018-11-07T18:30:42.040Z,"187km NE of Palue, Indonesia",earthquake,8.6,3.6,0.061,80,reviewed,us,us
2018-11-06T20:14:16.080Z,-21.8283,-68.6122,124.65,4.6,mb,,38,0.586,0.99,us,us2000i7pa,2018-11-07T17:10:13.040Z,"78km NNE of Calama, Chile",earthquake,6.2,6.5,0.132,17,reviewed,us,us
2018-11-06T18:07:35.210Z,-31.2934,-72.52,10.21,4.8,mb,,95,0.979,0.87,us,us2000i7lt,2018-11-15T23:20:43.040Z,"134km WNW of Illapel, Chile",earthquake,5,4.6,0.128,19,reviewed,us,us
2018-11-06T16:11:39.670Z,-22.1851,-174.5298,10,5.5,mww,,43,7.668,0.99,us,us2000i7iz,2018-11-14T18:16:04.074Z,"103km SSE of `Ohonua, Tonga",earthquake,8.7,1.8,0.061,26,reviewed,us,us
2018-11-06T15:50:32.110Z,-9.1797,-109.7137,10,4.7,mb,,221,31.006,0.7,us,us1000hrmh,2018-11-14T18:11:59.040Z,"Central East Pacific Rise",earthquake,18,2,0.152,13,reviewed,us,us
2018-11-06T15:11:13.910Z,-23.2564,171.8135,42.18,4.8,mb,,113,4.076,1.02,us,us1000hrmg,2018-11-14T17:48:07.040Z,"97km SSW of Ile Hunter, New Caledonia",earthquake,12,7.5,0.113,24,reviewed,us,us
2018-11-06T14:34:25.860Z,23.9844,122.5164,22.11,4.5,mb,,186,0.659,0.28,us,us1000hrmn,2018-11-14T17:31:43.040Z,"72km SW of Yonakuni, Japan",earthquake,5.3,6.3,0.145,14,reviewed,us,us
2018-11-06T14:26:50.330Z,46.4029,150.6558,93,4.8,mb,,129,6.946,1,us,us2000i7i1,2018-11-14T16:59:08.040Z,"251km ENE of Kuril'sk, Russia",earthquake,10.9,7.1,0.033,286,reviewed,us,us
2018-11-06T14:20:55.480Z,-6.2019,147.5448,59.87,4.7,mb,,88,3.204,0.69,us,us2000i7h4,2018-11-14T16:56:59.040Z,"56km NW of Finschhafen, Papua New Guinea",earthquake,8.2,7.5,0.085,42,reviewed,us,us
2018-11-06T14:15:08.460Z,-9.8643,66.131,10,4.5,mb,,186,28.886,0.64,us,us1000hrmd,2018-11-14T16:43:49.040Z,"Mid-Indian Ridge",earthquake,16,2,0.109,25,reviewed,us,us
2018-11-06T14:06:55.430Z,31.3464,130.2914,153.81,4.5,mb,,95,1.841,0.7,us,us2000i7h0,2018-11-14T16:31:20.040Z,"8km SSW of Kaseda, Japan",earthquake,5.7,6.6,0.08,46,reviewed,us,us
2018-11-06T13:14:23.870Z,-15.1974,-172.866,10,4.9,mb,,105,1.658,0.47,us,us1000hrmc,2018-11-14T16:28:37.040Z,"126km NE of Hihifo, Tonga",earthquake,8.4,1.9,0.122,27,reviewed,us,us
2018-11-06T11:19:28.520Z,-5.2137,146.332,163.21,5,mb,,51,3.314,0.85,us,us2000i7es,2018-11-06T11:38:55.040Z,"59km E of Madang, Papua New Guinea",earthquake,7.8,7.1,0.045,158,reviewed,us,us
